titles,category
일본 출시  개 맛 김치  상품명 논란 서경덕 교수  우리가 반성해야 ,Social
민주 진교훈 강서구청장 당선   국힘 김태우  성원에 화답 못해 죄송 ,Social
 단독      계열사 산재 피해 한 달에   명꼴   곳 중  곳 법 위반,Social
이스라엘  노탐    일까지 연장 텔아비브 비행금지 등 통제 언급은 없어,Social
 승객인 척 바람막이로 가리고 쓱  택시기사 지갑 노린   대,Social
 서 출시  개존맛 김치  부적절 논란    우리 먼저 반성하자 는 서경덕  무슨 일 ,Social
경인고속도 지하화 통행료 최대     원  폐지 기대했는데 더 올라 ,Social
 우리 조직 비판해서  너클 끼고  조폭 저격  유튜버 때린   대들 정체,Social
이별 통보에 빌린 돈 갚으라며 전 연인 집 직장 찾아간   대 스토커,Social
강서구  새 수장에 진교훈 구청장,Social
       세 딸  밥 주세요  말하자 학대 살해 친모  심 징역   년,Social
 국정교과서 추진 세력들이 교육부 핵심 그룹 형성 ,Social
외국인 피의자 연평균  만    명 중국인 절반 차지,Social
 택배박스가 계속 안 치워져요  출동한 집서 부패한 시신 발견,Social
안산 대부도서 외국인들끼리 패싸움   명 형사 입건,Social
신호 멈출 때마다 컵라면  후루룩  버스기사 행동  안쓰러워      위험천만 ,Social
셀트리온  스텔라라 시밀러  상 결과 유럽 학회서 발표 ,Social
 택배박스 쌓여  집안엔 부패한   대  시신 병사 추정,Social
안양의 사거리서 수신호   대 모범운전자  화물차에 치여 중상,Social
 인터넷 와글와글  이스라엘 하마스 전쟁에 할리우드도 갈라졌다,Social
셀트리온  스텔라라 시밀러  상 결과 유럽 학회서 발표 ,Social
 택배박스 쌓여  집안엔 부패한   대  시신 병사 추정,Social
안양의 사거리서 수신호   대 모범운전자  화물차에 치여 중상,Social
반공법 위반 몰려 억울한 옥살이  년  억 형사보상 받는다,Social
 인터넷 와글와글  이스라엘 하마스 전쟁에 할리우드도 갈라졌다,Social
수원지검   이재명 법카 유용 묵인 의혹  등 전담 수사팀 가동,Social
 단독 경찰대   정부때  경찰 권한  과목은 선택으로    피해자 보호 는 필수로,Social
온수역 럭비장  업무 문화 주거  복합시설로 개발,Social
 내일날씨  구름 많고 일교차 커 낮 최고      도,Social
도종환  역사 검정교과서  교육부가 간섭 의혹 ,Social
국민의힘  오염수 방류  문제 될 게 없어     민주당  방사성 폐기물 ,Social
택시기사 지갑  슬쩍   나쁜손  승객 체포,Social
설악산 오르면 늘 생각나는  아버지의 처연한 눈물방울 그립습니다 ,Social
 인터넷 와글와글  공효진 케빈오  벌써 결혼  주년  시간이 너무 아까워 ,Social
야구방망이까지 동원 캠핑장서 외국인들 집단 난투극,Social
 담뱃값  배  호주행 합판 뜯어보니    만 갑  우수수   띵동 이슈배달 ,Social
     위생사고  년여간    건 과태료는 총    만원에 불과,Social
 어렵게 공무원 합격했는데  년째 백수 알바 뛰어야 할 판 ,Social
지리산 하산 중 실종   대 남성 수색   시간 만에 구조 종합 ,Social
일본서 나온  개존맛 김치     우리가 먼저 반성해야 ,Social
 함께 술 안 마셔    캠핑장서 패싸움 벌인 외국인 일행 붙잡혀,Social
안양 사거리서 교통정리 하던   대  화물차에 치여 중상,Social
울산시  악의적 고액 체납자    명 탈탈 털어   억 징수,Social
 진교훈 압승  어떻게 보냐는 질문에 홍준표의 짧은 한마디,Social
이영애   김건희 친분설  영상에  가짜뉴스  내용증명,Social
실습 직원에 입맞춤하고 가슴 만진   대 직장 상사 실형 선고 법정 구속,Social
행방불명 된 담양 퇴직 공무원   일 만에 숨진 채 발견,Social
수신호 하던 모범운전자     화물차에 치여 닥터헬기로 긴급 이송,Social
 우리 조직 비판해서   조폭 저격  유튜버 폭행한 일당의 정체,Social
 택배박스 쌓여서  출동한 그 집엔 부패된 시신이  병사 추정 ,Social
 대장동 로비 의혹  박영수 전 특검 재판 본격화,Social
 단독 인천  권역  구분 재조정 필요  지역적 특수여건상  항공해양권  신설 필요성 제기,Social
한동훈  이재명    회 압수수색  저 숫자면 매일 했어야 ,Social
새벽시간대 신림역 인근 오피스텔서 불  수십 명 대피 소동,Social
풀려나는   의혹 핵심인사들  검찰은 노심초사,Social
신규 교원  임용 절벽  현실 대학에선 진로 다변화 고심,Social
신호 정차때  후루룩  컵라면 먹은 버스기사  안쓰러워      위험하게 이래야 했나 ,Social
화순 초등학교에 무슨 일   정율성 흉상  철거 호소한 능주초,Social
 표예림 사망  카라큘라  가해자에  살인마     발인까지 입 다물라 ,Social
  인 이상 사망 산재 업체   년간 국가계약  조 천   억원 ,Social
풀려나는   의혹 핵심인사들  검찰은 노심초사,Social
신규 교원  임용 절벽  현실 대학에선 진로 다변화 고심,Social
신호 정차때  후루룩  컵라면 먹은 버스기사  안쓰러워      위험하게 이래야 했나 ,Social
화순 초등학교에 무슨 일   정율성 흉상  철거 호소한 능주초,Social
 표예림 사망  카라큘라  가해자에  살인마     발인까지 입 다물라 ,Social
  인 이상 사망 산재 업체   년간 국가계약  조 천   억원 ,Social
예산 단독주택서 부패한 시신 발견  병사 추정 ,Social
 백신도 없다  진드기 물려 사망  경북서  명  야외활동 조심 ,Social
 새벽 귀가  나무란 어머니 살해한 대학생  법정에서 무슨 말 했나,Social
포항출신  포은 정몽주  묘가 왜 용인에 있을까 ,Social
동아일보  보궐선거 여당 참패에  또 지면 윤 대통령 바로 레임덕 ,Social
 신당역 살인  전주환  오늘 대법 결론 무기징역 확정되나,Social
 배고파요 밥주세요  했을 뿐인데  세 딸  미라 처럼 만든   대 엄마,Social
부산역 해운대 김해공항 리무진  내년  월까지 정상 운행,Social
 단독  김행 위키트리에  스팀잇    있었다  전 직원들 증언,Social
이재명  국민의 회초리     김기현  험지에서 열정  뉴스쏙 속 ,Social
 단독  김광동  전시엔 재판 없이 사람 죽일 수 있어 ,Social
혼밥 밀키트 배달음식이 일상인 청년세대 문제는  이것 ,Social
안산 대부도서 외국인 간 집단 패싸움  명 형사 입건,Social
새벽 중 전동킥보드 타던 여중생 피하려다 화물차 전복돼 경찰 과실 조사 중,Social
    대선 허위 보도  김병욱 보좌관 기자 압수수색,Social
 코인    억 있다  친구들 등친   대  실제 잔액은   원 ,Social
 소송하던지   일째 편의점 입구 막은 차주 경찰도 소용없었다,Social
 야동      수개월간 돌려봤다 구금 중에도 음란물 못 끊은 성범죄자들,Social
폭행 증거 조작으로  년  억울한 옥살이   억 형사보상 받는다,Social
 뉴스딱   떡볶이에 이물질  리뷰 남기며  별  개  사장님 울린 사연,Social
 다듬어줄게  머리카락 활활 체모까지 먹인 해병대 선임,Social
 늦잠 잤어요   분 지각한 학생 목 조르고 뺨 때린 교사,Social
 뉴스딱  수강신청 전화 대신해 주는 학부모 대학에 이런 공지까지,Social
합판 뜯었더니 담배 수십만 갑  우루루  밀수출 검거,Social
현장 수습하려다  차 사고  치사율     ,Social
경기북도 대신 서울로  김포시의 서울 편입 가능할까 ,Social
유아학비 지원금  만원 인상 추진 사립유치원생   만원까지,Social
 통행료  억 내라  아스팔트 뒤엎은 땅 주인,Social
한 중 말레이  다국적 마약 연합   역대  번째 규모 필로폰 국내 유통,Social
 러시아    우즈벡  안산 캠핑장서 패싸움 벌인 외국인들,Social
중대재해  명 숨진 디엘이엔씨  단톡방서 드러난  책임 떠넘기기 ,Social
 배고파요    개월간  살 딸에 분유만 주고 학대해 살해한 친모  항소심도 징역   년,Social
펜데믹으로 중단된 김해공항 리무진 버스  순차적 정상 운행,Social
음주  집유  기간에 이틀 연속 음주운전한   대  결국 실형,Social
지하철 성범죄 다시 늘어  최다  고속터미널역   불법촬영  홍대입구역 ,Social
오늘부터 스토킹범도  전자발찌  부착    정작 실형 선고율은        효과 있을까 ,Social
 신생아 이동 중  느려도 양해 부탁    문구에  유난   합리적  시끌,Social
 늦잠자서  뭐가 잘못됐냐  지각한 고  학생 뺨 때린 교사  잇슈 키워드 ,Social
 엮이기 싫었다  쓰러진 아내 두고 테니스 치러 간 남편   송치,Social
        국정감사 사흘째 오염수 통계 조작 의혹 공방 전망  ,Social
인사위원회에서 말조심해야 하는 이유 한용현의 노동법 새겨보기     ,Social
앞집 언니 양다솔의 기지개 켜기     ,Social
 돈 때문에 힘들어   영하   도  야산에 개   마리 버린   대,Social
양육비 떼먹은  나쁜 아빠  첫 형사재판 징역  개월 구형,Social
 신당역 스토킹 살인  전주환 오늘 대법 선고   심 무기징역,Social
 떡볶이에 머리카락이  사장이 사과하자 고객이 건넨 말   글 글 ,Social
   억 클럽  박영수 전 특검 첫 재판,Social
  대 여성은 왜 우울한가     미친 여자들 이 증명해온 진실  이슬기의 뉴스 비틀기 ,Social
 대선 개입 여론조작 의혹  민주당 김병욱 의원 보좌관 압수수색,Social
 요즘 킹크랩 가격 보셨어요   러시아산 어떻게 됐길래,Social
 굿모닝브리핑  세금으로 쌓은 마일리지인데   공공기관 퇴직자 사유화 논란,Social
꼬일 대로 꼬인 이재명 기소  병합 재판  변수에 고심,Social
신호 걸릴 때마다  후루룩  운전석에서 끼니 해결한 백발의 버스기사,Social
 한달 교습비만    만원  대학 등록금보다 비싼  영어유치원 ,Social
남녘까지 울긋불긋 한라산서 올해 첫  단풍  관측  지난해보다  일 빨라,Social
 임영웅 표 판다 는    년생 임모씨     명에게     만원 가로챈 수법 보니,Social
세브란스 간호사 주 일제 해보니  임금     깎아도 행복 ,Social
 표예림 극단선택 내몬 사람에게 책임 묻겠다      우린 잘못 없다 ,Social
매경이 전하는 세상의 지식  매 세 지    월   일 ,Social
희생자 휴대전화 기록으로 러시아군 민간인 학살 밝히다,Social
 개  야  제발 좀 닥쳐라  폭발한 카라큘라  표예림 가해의혹 유튜버에  분노 ,Social
   개월간    가 퇴사  서울대병원 직원들이 파업에 나선 이유  사사건건 ,Social
 이슈점검  교통대 충북대  들러리 통합 안돼  충주서 우려 목소리,Social
 오래가네  입안 염증 통증  주이상 지속 혹시 구강암 ,Social
산재유족급여 승인 기간 지역별 차이  심하네      일  나기도,Social
         어르신 나쁜 단어 아닌데      낙인찍기냐 ,Social
 택시 감차  조기 완료한 제천시  한편에선 개인택시 증차,Social
 의정부 호원초 사망 교사  유족  학부모  명 상대 고소,Social
아동수당 받은 외국인 부모   년간  배 넘게 늘어,Social
충북 초 중 고교 담임교사   명 중  명은 기간제 교원,Social
 단독   이 영상  한국 맞나요   캠핑장서 외국인 집단 난투극,Social
     표적 항암제 개발사  미라티   조원에 인수,Social
 년간    건 문자  이영승 교사 유족  학부모  명 고소,Social
마약 밀반입 때 도와줬나 경찰  인천공항세관 수사,Social
 택시 감차  조기 완료한 제천시  한편에선 개인택시 증차,Social
 의정부 호원초 사망 교사  유족  학부모  명 상대 고소,Social
아동수당 받은 외국인 부모   년간  배 넘게 늘어,Social
충북 초 중 고교 담임교사   명 중  명은 기간제 교원,Social
 단독   이 영상  한국 맞나요   캠핑장서 외국인 집단 난투극,Social
     표적 항암제 개발사  미라티   조원에 인수,Social
 년간    건 문자  이영승 교사 유족  학부모  명 고소,Social
마약 밀반입 때 도와줬나 경찰  인천공항세관 수사,Social
머리 맞고 피 흘린  살 상처 받은 아이  복지시설서 또 학대,Social
 검색대 피한 마약  세관 직원이 조력자 ,Social
 진짜 악질  지옥 보낼 것  표예림  스토킹 유튜버  실물 공개,Social
피 흘리는 아내 두고 테니스 치러 의붓딸  살인미수죄 ,Social
 좌회전 해주세요  택시기사 지갑  슬쩍 ,Social
아내 쓰러졌는데  나몰라라  운동 간 남편 의붓딸  살인죄 적용해달라 ,Social
불꽃놀이 보려고 다리 위  차로 점거한 운전자들,Social
정주리  추석 차례 대신 캠핑 시아버지 한마디에  시집 잘 왔다 ,Social
대학 게시판에  학사 문의는 학부모 아닌 학생 본인이 ,Social
음식점 실습하러 왔는데 직원  강제 추행 한 나쁜  직장 상사 ,Social
 수원 전세사기 의혹     건 신고      세입자들  발만 동동 ,Social
 오늘 아침 신문   학대 아동 보호한다 더니 쉼터 인력 확충  지지부진 ,Social
 새벽에 유튜브 찍고 출근   궤도  겸직 금지 위반에 누리꾼 반응은,Social
모텔서 낳은 딸  층 창밖 던진   대 구속  죽을 줄 몰랐다 ,Social
대선 가짜뉴스  민주 의원실  탈탈    보궐선거일 압색은 정치쇼 ,Social
서울대 경북대병원 노조 파업 돌입 첫날 큰 차질 없어,Social
 환불 대란  머지플러스 남매  오늘 대법 선고,Social
경기도 주택조성 사업    만 가구 창릉 등   곳  완료시 인구    만명 ,Social
철없는 손녀  재산    억  돈자랑에 부정축재 딱 걸린   퇴직간부,Social
여고생이 술 담배 사달라고 하자  신고 있던 스타킹 양말 요구,Social
민주당    허위보도 연루 의혹 보좌관 기자 압수수색,Social
 또 다른 대선 허위 보도  검찰 수사 확대,Social
고  학생 뺨 때린 교사   두 달 넘게 계속 담임 맡아,Social
테크노마트 화재 화물차 적재틀에 차량  대 파손,Social
보훈부  정율성  체제 위협 앞장     광주시  시정명령 대상 아냐 ,Social
이영애  아이 엄마 욕되게 하고 있어  열린공감  에  방송중지  요청,Social
검찰  전세금    억원 받아 챙긴   세대 빌라왕  기소,Social
끝나지 않는  전세 지옥   피해자 절반  보증금 한 푼도 못 받을 것 ,Social
교원 학부모단체  입시경쟁 완화 공감     교사노조  사교육비 증가 우려 ,Social
기간제 교사  명 중  명  기피 업무 맡은 적 있다 ,Social
   억 뒷돈  이정근  항소심서도  구형보다 무거웠다 이유는,Social
  향한  허위 보도  정황 포착한    민주 김병욱 의원 보좌관 압색,Social
 환불대란  머지포인트 경영진 남매  실형 확정될까 대법 선고,Social
 헉  피해규모만 수천억인데      수원 전세사기 의혹  수면위로,Social
대치동으로  유명학원으로  의대로    몰빵  사회 쏠림 사회 한국  강남 리포트 ,Social
 술 담배 사주세요  여고생  댈구  요구에     대   신던 스타킹 달라 ,Social
이 팔 전쟁에  휴전 실감  대피시설 관리는  허술 ,Social
강남 교사들의 고민    문제풀이 기계를 만드는 것 같아요  쏠림 사회 한국  강남 리포트 ,Social
신입 절반이  년도 못 채우고 퇴사  주 일제  도입  개월만에 생긴 일,Social
코로나   탓에 통상수준 넘어선  초과 사망   만 천   명,Social
공교육의 적은 사교육일까    들쭉날쭉 입시정책이  쏠림  불렀다 쏠림 사회 한국  강남 리포트 ,Social
자치경찰제 도입  년째 경찰  지역 각자도생 사라졌다 ,Social
김종인 주진형이 주식 투자 권유  선 넘은 가짜광고,Social
 수의사 남친에 임신 알렸더니  유부남이라고 합니다 ,Social
 킥보드 여학생  피하려다 전복된 트럭  도망가다  야   소리에 돌아온 학생  영상 ,Social
카라큘라 저격에  표예림 영상 속 인물  나 죽으면 당신도 살인자 ,Social
 윤심   이심   오심 보단  민심  우보세 ,Social
사회 초년생 울리는  수원 전세사기  피해 일파만파 확산,Social
 늦잠 자서   분 지각에 고  목 조르고 뺨 때린 교사,Social
오토바이 불법 주정차 급증   범칙금 납부      이유는 ,Social
 이균용 낙마  부실검증 공방   책임이냐  대통령실 탓이냐,Social
신호 걸리면  후루룩   컵라면 먹은 버스기사   안쓰러워      위험   어떻게 생각하세요 ,Social
 킥보드 여학생  피하려다 전복된 트럭  도망가다  야   소리에 돌아온 학생  영상 ,Social
카라큘라 저격에  표예림 영상 속 인물  나 죽으면 당신도 살인자 ,Social
 윤심   이심   오심 보단  민심  우보세 ,Social
사회 초년생 울리는  수원 전세사기  피해 일파만파 확산,Social
 늦잠 자서   분 지각에 고  목 조르고 뺨 때린 교사,Social
오토바이 불법 주정차 급증   범칙금 납부      이유는 ,Social
 이균용 낙마  부실검증 공방   책임이냐  대통령실 탓이냐,Social
신호 걸리면  후루룩   컵라면 먹은 버스기사   안쓰러워      위험   어떻게 생각하세요 ,Social
체불임금 올해  조    억  작년보다     늘었다,Social
 담배가 왜 거기서 나와  수상한 합판 뜯자 수십만갑  와르르 ,Social
불꽃놀이가 부른 쓰레기통 논쟁  버릴 곳 없어 너무 불편 관광객도 당황 ,Social
깜깜이 오피스텔에  감독권  신설해도 지자체는 준비 부족,Social
 단독  버릴 곳 없어 불편  시민 지적에 서울 거리 쓰레기통 확 늘린다,Social
다른 학부모는 또 어땠길래  이영승 교사 유족 고소장 제출,Social
표예림 돕던 카라큘라  살인마  발인까진 닥쳐라  분노,Social
 조폭 저격  유튜버  결국  조직 폭력배 에 보복 당했다,Social
 재수하면 어떡하나  대입제도 개편에 고민 깊어지는 중 ,Social
죽음까지 외로웠던  무연고자  경기도의료원은  외면 ,Social
 단독   공백 줄여야    대법원  대법관 제청 사전절차 개시 검토,Social
   억 수수  이정근 항소심  년  개월    구형보다 셌다,Social
인천공항 세관 직원들  다국적 마약조직 필로폰 밀반입 도왔나,Social
의원님은 재판중  총선까지 리스크,Social
 폐암치료제  렉라자  운명의 날  약평위  관문 통과할까,Social
 남자만 군대 가는건 차별 아닌가요   헌법재판소의  번째 답변은 서초카페 ,Social
 단독  이재명 법카 유용 묵인 의혹  수원지검  전담 수사팀  가동,Social
 단독   탈원전  휘둘린 한전에  탈정치   노조 출범,Social
   신공항 우보 가면  군위는 경북에 돌려주나 ,Social
혼자 사는 캐나다 장애청년 한국이었다면 집조차 못 구했다,Social
바뀌는 수능  사교육 대지진  재수생 그 직전까지 크게 늘 듯 ,Social
 신던 스타킹 벗어줘  담배 사다줄게  여고생 노린 그 놈들,Social
지나친 월반은 오히려 독    고지능 영재도  사회성 은 또래 수준 불과,Social
타지역 쇼핑몰 펄펄 날 때 죽 쑨 농사랑     미워도 다시 한번  ,Social
 경기북도 설치 연내 주민투표  내년 총선 전 법안 통과가  골든타임  ,Social
 이런 갑질 행정은 또 처음   광주시 빗나간 자율방재단 복장 구매 도마,Social
대전 악성 민원 사망 교사        벽  뚫고 순직 인정될까,Social
모텔서 낳은 딸 창밖 던져 살해한 엄마 구속  일정한 주거지 없다 ,Social
 내가 걔 아는데  돈 노린 거짓 유튜브  노란 딱지 는 죽음 못 막았다,Social
서울대 경북대병원 파업   진료 발급창구 곳곳 비어 대기자 평소  배,Social
음주운전 측정 한다며 집에 들이닥친 경찰 거부한 남성  무죄  디케의 눈물     ,Social
이주호  학교전담경찰관 역할 강화  학폭 근절 ,Social
흉물 된  원조 워터파크   옛 모습 되찾나 현장속으로 ,Social
검단신도시  교통 개선대책 이행률     ,Social
 우리 학교에 없는 선택과목  온라인학교 에선 배울 수 있어요 ,Social
순직 조종사의 형  국민조종사로 하늘 난다,Social
 하루에 수영장    개 분량 아리수 생산 ,Social
    대선 허위보도 의혹  김병욱의원 보좌관 등  명 압수수색,Social
       보궐이사에 이동욱 임명  여야  대  구도로,Social
 공항 가는길에 탱크  출국 취소 될까 마음 졸여 ,Social
 단독 기피과목 지방 전공의  서울로  이탈 잇따라,Social
검찰   대선 허위보도 의혹    김병욱 보좌관 등 압수수색,Social
 음료 안돼요  버스기사 이 말에 길바닥  퍽  내던진 승객,Social
 년 만에 가격 내렸다는  킹크랩   노량진에 가보니 실제 얼마 ,Social
 나 비트코인    억 있어  친구 속여 수십억 가로챈   대,Social
한동훈   인사 검증 실패  비판에  기계적으로 자료 수집만 ,Social
화물차 돌진에 숨진 군청 직원들    지자체 사고 위험 방치 ,Social
 마약 밀수  조력 의심 인천공항세관 수사,Social
 큐레이터    또 전세 사기  피해 신고    건,Social
   억 클럽  박영수 전 특검 첫 재판,Social
 미니총선  강서구청장 보궐선거 민주당 진교훈 압승,Social
 늦잠 잤어요  지각 했다고 고  학생 목 조르고 뺨 때린 교사,Social
모텔서 딸 던져 사망시킨   대   아빠 누군 지 몰라 ,Social
진교훈 강서구청장 당선 김포공항 고도제한 완화 속도 내나,Social
 조폭 저격  유튜버  조폭에게 폭행 당했다,Social
문재인정부  경찰청 차장  출신 진교훈 강서구청장 당선인은,Social
 아이들에게 미안  양육비 미지급한 친부   징역형 구형,Social
이주호  학교전담경찰관 강화 방안 고민 학폭 근본 대책 마련 ,Social
 늦잠 자서 지각  학생 뺨 때리고 목 조른 담임 분리조치도 안돼,Social
한동훈       회 압색하려면 매일 했어야 재판서 혐의 드러날 것  종합 ,Social
민주당 진교훈 강서구청장 당선 개표율          앞서 상보 ,Social
민주당 진교훈 강서구청장 당선 확실 김태우  패배 인정,Social
이스라엘 갔던 한국인    명 귀국  혹시 비행기 납치될까 걱정했다 ,Social
후임에  겨털  먹인 해병대 예비역 벌금형,Social
 과목 축소 아닌 전과목 부활   새수능  통사 통과  논란,Social
 중생 킥보드 피하려다 넘어진 트럭  그냥 가려고 해 급히 소리쳐 다시 불렀다 ,Social
 신생아 이동중이니 양해 부탁   차량 문구가  유난  ,Social
알바하며 외제차  폼나게 살고팠던    대의  살해 이벤트   그해 오늘 ,Social
 패배 인정  김태우 후보  지지해주신 분들 성원에 화답 못해 죄송 ,Social
조현범   감성 테스트  위해 포르쉐 탔다  검찰  본인 돈으로 했어야 ,Social
 기가   음주 측정 거부한 몽골 외교관 경찰은 속수무책 왜 ,Social
 결혼과 이혼  접근금지 무시하고 아내 집에 불 지르려 한 남편  최후는 ,Social
 과목 축소 아닌 전과목 부활   새수능  통사 통과  논란,Social
 중생 킥보드 피하려다 넘어진 트럭  그냥 가려고 해 급히 소리쳐 다시 불렀다 ,Social
 신생아 이동중이니 양해 부탁   차량 문구가  유난  ,Social
알바하며 외제차  폼나게 살고팠던    대의  살해 이벤트   그해 오늘 ,Social
 패배 인정  김태우 후보  지지해주신 분들 성원에 화답 못해 죄송 ,Social
조현범   감성 테스트  위해 포르쉐 탔다  검찰  본인 돈으로 했어야 ,Social
 기가   음주 측정 거부한 몽골 외교관 경찰은 속수무책 왜 ,Social
 결혼과 이혼  접근금지 무시하고 아내 집에 불 지르려 한 남편  최후는 ,Social
 김병욱 보좌관이 최재경으로 둔갑  검찰  대선 허위보도 의혹 수사,Social
야당  한  이재명 유죄로 편향  한동훈  김경수  기각 뒤 중형 ,Social
세관 직원도 놀란 자신의 촉 합판 뜯어보니 담배  우두둑 ,Social
한동훈  인사 검증 비판에  기계적 자료 수집 판단 안해  종합 보 ,Social
 범정  부활 한동훈  범죄 아닌 정보 수집시 확실히 시정 ,Social
신호 걸릴 때마다  후루룩  버스기사 행동에 갑론을박,Social
월급보다 많이 받는  실업급여   재취업 의지 떨어뜨린다,Social
 왜 늦게 와  야단치는 어머니 살해한 대학생  첫 재판서 한 말 보니,Social
양육비 수천만원 안 주는 아빠 형사 재판 검찰  징역  월 구형,Social
창원서 정어리 폐사  또    이번엔 해수부 좀 힘쓰나,Social
한동훈  검찰이 야당 대표 구속한다는데 저 정도 자신도 없겠나  종합 ,Social
돌고래쇼에 이용되다 바다 돌아간 지   년 삼팔이  셋째 낳았다,Social
 신생아 이동중  양해 좀  임현주 아나  문구  갑론을박 ,Social
   세  세계 최고령 스카이다이버  등극 후  일 만에 영면,Social
  분  지각했다고 고  학생 뺨 때리고 목 조른 담임교사,Social
 년간  돼지고기 무한리필  식당 운영한 사장의 반전 ,Social
교육부  만  세 유아학비 보육료 단가  만원 인상 추진 ,Social
 사업가 뒷돈  이정근 항소심서  년 개월 구형량보다 많아,Social
     상속 분쟁  세 모녀 측 변호인  첫 변론 이후 사임,Social
 김건희 논문 표절 의혹 증인  교수  끝내 국감 불출석     국정감사 ,Social
공수처  사실상 감사위원 전원 소환통보 전현희 표적감사 의혹,Social
   대에 낙태  유부남 아이 낳고 싶은데 양육비 청구 가능할까요   전문가  상간녀 소송 조심해야 ,Social
의정부 초등교사 유족   갑질 의혹  학부모  명 고소 경찰 줄소환 예정,Social
 담배 대신 사줄게   고생 신던 스타킹 요구했다,Social
신규 교원  임용 절벽  현실 대학에선 진로 다변화 고심,Social
음료수 들고 버스 타려다 제지 당하자 길거리에 냅다 던진 승객,Social
 양육비 미지급  아빠에 징역  개월 구형   첫 실형 선고 여부 관심,Social
합판에 담배 숨겨 밀수출 시도   목적지는  담뱃값  배  호주,Social
분신 택시기사 유족 동료  고인이 외친 완전월급제 이행하라 ,Social
 비트코인    억 있어  투자해  라더니 실제 잔액  원,Social
이영애  김건희 여사와 친분 보도는 가짜뉴스  열린공감  에 사과 요청,Social
번호판 떼고 무법 질주 난폭 오토바이 단속에는 한계,Social
 서면 빌라왕    대 징역형  사기 방조 ,Social
  리포트  폐수 옆에서 제조한 단무지 전국으로 퍼졌다,Social
마약류 오남용 수사 의뢰해봤자 병원은 오늘도  성업 중   탐사  ,Social
 임영웅 콘서트  암표 사기 기승   피해액만     여만원,Social
유치원 등원시간 불  평소 훈련 덕분  인명피해 없어,Social
이스라엘 단기체류    명 귀국    무사해서 다행 ,Social
경기북도 대신 서울로  김포시의 서울 편입 가능할까 ,Social
스토킹 신고   세 아들 흉기 휘둘러 살해한   대,Social
 수원 전세사기 의혹     건 신고      세입자들  발만 동동 ,Social
 년간 돌고래쇼  바다 돌아간  삼팔이    년 만에 셋째 낳았다,Social
 막내가   대   전북  지구대 파출소 경찰 고령화  심각 ,Social
 탐사   금악리 폐기물처리시설 어떤 업체 논란 왜 ,Social
검찰   대선 허위보도 의혹    김병욱 보좌관 등 압수수색,Social
 왜 술 마시고 늦게 와  말에 어머니 살해 재판서  심신미약  주장,Social
체모 먹이고 담뱃재 커피까지 엽기 선임병  벌금형 ,Social
특수 합판 뜯어보니  담배   만갑  호주 밀수출 일당 덜미,Social
한동훈  이재명    회 압색 반박  그럼 매일 했어야 ,Social
꼬일 대로 꼬인 이재명 기소  병합 재판  변수에 고심,Social
민주당    허위보도 연루 의혹 보좌관 기자 압수수색,Social
철문 잠그고 도주한   어선 나포 그물에 꽃게  가득 ,Social
검찰   대선 허위보도 의혹    김병욱 보좌관 등 압수수색,Social
 왜 술 마시고 늦게 와  말에 어머니 살해 재판서  심신미약  주장,Social
체모 먹이고 담뱃재 커피까지 엽기 선임병  벌금형 ,Social
특수 합판 뜯어보니  담배   만갑  호주 밀수출 일당 덜미,Social
한동훈  이재명    회 압색 반박  그럼 매일 했어야 ,Social
꼬일 대로 꼬인 이재명 기소  병합 재판  변수에 고심,Social
민주당    허위보도 연루 의혹 보좌관 기자 압수수색,Social
철문 잠그고 도주한   어선 나포 그물에 꽃게  가득 ,Social
 매일 부모님 친구 걱정  애타는 국내 이 팔 유학생,Social
 주   시간 일해도 월    만 원  전수 조사 촉구,Social
중대재해  명 숨진 디엘이엔씨  단톡방서 드러난  책임 떠넘기기 ,Social
  분 지각했다  학생 목 조르고 뺨 때린 교사,Social
  헬로비전 케이블노동자 사망  착취가 사람을 죽였다 ,Social
퇴근길에도 새 강서구 일꾼에  한 표  막바지 투표소 발길,Social
 경영 모르쇠  김행  넥서스투자서 수억 유치,Social
한동훈  법무부가 이균용 검증 부결은 당리당략 때문 ,Social
인력없어 지하철 파업한다더니 출근도 안하는 교통공사 노조원들,Social
필로폰     밀반입 세관 직원이 도왔나 경찰  수사 착수,Social
 르포   김골라  다시 혼잡도       서 있는데 눈앞 하얘져 ,Social
양육비 안 준  나쁜 아빠  첫 형사재판 검찰  징역  개월 구형,Social
 스타킹 벗어주면 술 담배 사줄게  여고생 꼬신 그놈 최후,Social
인천공항세관 직원이 마약 밀반입 조력 의혹 세관 측  개연성 낮다 ,Social
정순신  학폭 무마 논란에  피해 학생과 가족께 진심으로 사과 ,Social
 밀착카메라  사라져가는  자연산 송이  가격 뛰어도 농민은 울상,Social
 빡빡이 문신충  놀림에 문신 지우려는 아빠,Social
학폭 피해자 표예림 씨 생전에 온라인 폭력 고통 호소,Social
마을 뒷산에 묻혀있던 무연고 참전 용사    년 만에 국가유공자 인정,Social
 데일리안 오늘뉴스 종합  국민의힘 지도부 미래는  강서구청장 보궐선거 투표 종료  개표만 남았다  윤 대통령    상원 대표단 만나 중동 정세 논의  하마스 규탄  등,Social
호원초 이영승 교사 유족   페트병 사건  학부모 등  명 고소,Social
기초생활수급자 탈락할까봐 보훈급여 포기하는 국가유공자,Social
도 넘은 저격 영상 비방 글  죽음까지 내몬  사이버불링 ,Social
이영애  김건희 여사와 친분설에  가짜뉴스  열린공감  에 사과 요청,Social
양육비 안 준  나쁜 부모  첫 형사 재판 징역  개월 구형,Social
한동훈  이재명    회 압수수색  저 숫자면 매일 했어야 ,Social
대구시  유휴부지 매각이 여론    달서구 주민단체  입맛 맞춘 여론조사 ,Social
 단독  술 마시고 열차 운행한 직원들 코레일은  식구 감싸기 ,Social
애경   가습기살균제  추가 분담금 취소 소송 옥시도  더 못 낸다 ,Social
 마약 밀수  조직원들 조력 의심 인천공항 세관 수사,Social
조선업계 맏형   현대중공업 또 체면 구겼다 어쩌다 ,Social
스토킹 신고했다고 여친 아들 죽이고 성폭행까지 시도한  ,Social
갓 태어난 신생아 창 밖으로 던져 살해한 친모 구속,Social
수원 전세사기  쪼개기 대출 에 당했다,Social
한동훈 장관  이재명 대표    회 압수수색  저 숫자면 매일 했어야  반박,Social
김영환 지사  대청호 무인도에 영빈관  행정구역은 대전시인데 ,Social
마을버스보다 관광버스가 더 많은  쇼윈도 마을  산복도로  볕 들 날  ,Social
 임영웅 티켓 팔아요     명에게     만원 가로챈   대 암표상,Social
이재명 캠프 관계자 압수수색  민주당 보좌관이 중수부장인 척  ,Social
돌고래쇼 하다 바다 돌아간 삼팔이  셋째 출산,Social
검찰   대선 허위보도 의혹    김병욱 보좌관 등 압수수색,Social
 단독  돌나라  신전 건설하다 숨진 신도들 시신 놓고  부활 기도 ,Social
 최악 면하자  강서구청장 투표 저녁에도 장사진 종합 ,Social
배우 이영애  김건희 여사와의 친분설에  가짜뉴스  반박,Social
 지나가려면 통행료 내라  아스팔트까지 걷어 낸 땅 주인,Social
 단독  바람막이 뒤집어쓰고 쓱 택시기사 지갑 노렸다 ,Social
 신생아 이동 중  양해 부탁  여자 아나운서  문구에 네티즌들  시끌 ,Social
 단독  인천공항세관 직원들이 마약 밀수 도왔나   과장급 등  명 이상 연루 ,Social
     확인하려면  수술진 전원 동의  얻어야  실효성 의문 ,Social
 단독  수술받다 숨진   대      요구하자  요청 없어 녹화 안 했다 ,Social
국감서도 논란된 새만금 예산   너도 나도 기재부 탓 ,Social
뻥튀기로 예산 몽땅 받고    새만금 야영장 전부 철거 ,Social
최용규 변호사  제  대 총선 포항남 울릉서   여 명 경쟁 속 첫 출마 공식 선언,Social
 무사해 다행  부둥켜안은 가족들 한국인    명 귀국,Social
 집중취재    치사율       차 사고 막으려면   증거 사진 찍고  신속히 차 빼야 ,Social
 술 취해 늦게 온다  혼냈다고  모친 살해  대학생  혐의는 인정했지만,Social
 김주하의  그런데   법 위에 판사 있나 ,Social
교육위 국감서도  정율성  정순신은 학폭 논란 사과,Social
합판에 담배 숨겨 밀수출 시도   목적지는  담뱃값  배  호주,Social
주민의 필요에 응답하는 의사     가 지역 남았다,Social
사람도 살찌기 쉬운  천고아비 의 가을  운동하기도 좋아,Social
계단 닳아 무너지는 동안 할머니 무릎도 닳고 닳았다 산복도로  볕 들 날  ,Social
 늦잠 자서 지각했다 는 말에 학생 뺨 때리고 목 조른 고  담임,Social
세계 첫 이차전지 양극재 수직계열화    배터리  새역사 쓴다  지방기획 ,Social
버스에 음료 반입 안된다 하자 길바닥에 내동댕이친 승객에 누리꾼  공분 ,Social
 뉴스 더하기   학부모는 아무 말도 하지마    공개수업 상담주간  줄줄이 취소,Social
신규 교원  임용 절벽  현실 대학에선 진로 다변화 고심,Social
 양육비 미지급  아빠에 징역  개월 구형   첫 실형 선고 여부 관심,Social
이스라엘 여행객    명 무사 귀국  길거리 곳곳에 탱크 출몰 ,Social
 하루 하루가 고통  독박 책임에 우는 정신질환자 가족들,Social
손수레 끌던   대 여성   만취운전  차에 치여 숨져,Social
대입 개편안 발표 하루 만에 학원가 들썩 곳곳서 긴급 입시설명회,Social
대입 개편안 발표 하루 만에 학원가 들썩 곳곳서 긴급 입시설명회,Social
하루 새 신고   건   수원 전세사기 의혹  피해 눈덩이,Social
모텔서 낳은 딸  층에서 던져 살해한 엄마  구속,Social
 술 담배  심부름 해주곤 여고생에  신던 스타킹 좀  요구,Social
경기도  수원 전세사기 확산에 설명회 마련 김동연  고통 덜겠다 ,Social
모텔서 출산한 딸 창밖으로 던져 살해한   대 엄마 구속 영장 발부,Social
우리 국민    명  오늘 인천 도착  공항 오기 전까지 방공호 오락가락 ,Social
 아는기자 녹취록을 만들 때 국회의원 보좌관이 연기 ,Social
이재명 수사 두고 공방  한동훈 성토장 된 법무부 국감,Social
 조폭 저격  방송한 유튜버 결국  안양 조폭에  보복 폭행  당해 ,Social
 분 지각했다고 고  학생 목 조르고 뺨 때린 교사,Social
다국적 조직 필로폰 대량반입 세관직원이 봐줬나 경찰 수사 종합 ,Social
 대선 개입 여론조작 의혹  민주당 김병욱 의원 보좌관 압수수색,Social
 현대오일뱅크 폐수 무단배출  공방  과징금 특혜      기업 봐주기 아냐 ,Social
 담배 밀수왕  검거 담뱃값  배 비싼 호주로   만 갑 밀수출 시도,Social
서울대 경북대병원 노조 파업 돌입 첫날 큰 차질 없어,Social
  대 여성 새벽에 음주운전하다 추돌 수레 끌던   대 할머니 숨져,Social
 촉법나이트   표예림 스토킹한 유튜버 신상 폭로   끝까지 추적할 것 ,Social
한밤 슈퍼마켓 큰불 고시원 등 주민   명 대피 소동,Social
한동훈  이재명    회 압색주장에  저 숫자면 매일 했어야 ,Social
 탐사   금악리 폐기물처리시설 어떤 업체 논란 왜 ,Social
스토킹 신고 재범 증가하는데  전담 경찰관  고작  명 늘었다,Social
 공공 강화 인력 충원   서울대병원 노조 무기한 파업,Social
 막내가   대   전북  지구대 파출소 경찰 고령화  심각 ,Social
 단독        성희롱 사건   차 가해까지 다 인정 법원  사장이 사실과 다른 입장문 낸 건 불법행위 ,Social
모텔서 낳은 딸  층 창밖 던진   대 구속  죽을 줄 몰랐다 ,Social
 김여정 하명법  위헌 결정에    대북전단 박상학 공소취소,Social
정순신  학폭 피해자에 사과   이주호  학폭 뿌리 뽑겠다 ,Social
 술 사줄게 신던 스타킹 줘  청소년 비행 부추기는 어른들,Social
  유니클로  중국인 연봉 올려준다  왜 일본인만 월급 더 줘  ,Social
      국감  한동훈  윤석열 부실수사 사실 아니다 ,Social
대선  일 전  조작 인터뷰  의혹  목소리 흉내 민주당 인사가 녹취록 전달 ,Social
민주당    허위보도 연루 의혹 보좌관 기자 압수수색,Social
현대오일뱅크  폐수 무단배출  과징금 감면 환경장관  특혜 없었다 ,Social
 정율성  남침에 직접 참여해 대한민국 체제 위협 앞장선 인물    정율성 기념사업  논란 ,Social
 서면 빌라왕    대 징역형  사기 방조 ,Social
 돈 내놔   못 준다  앱 완성도 놓고 개발사 운영사 소송전,Social
    최재경 허위 녹취  보도 연루  보좌관 기자 등 압수수색 종합 ,Social
 길가에 탱크 비행기 언제 뜨나 걱정     명 무사 귀국,Social
     징계취소 패소 할거냐  한동훈  그랬다면 취하 ,Social
 중대사고 대책 없이 한빛원전 수명연장 추진  광주 전남 지역사회 반발,Social
툭 튀어나온 중학생 킥보드 피하다 전복된 화물차  즉시 사망했을 수도 ,Social
피 흘리는 아내 두고 운동간 남편 의붓딸  살인죄 적용해야  종합 ,Social
검찰  김병욱 의원 보좌관 압수수색  허위 녹취록  넘긴 의혹,Social
 사람 해칠래  창원서 상경한   대 여중생들에 흉기,Social
이영애  김 여사 친분설은 가짜뉴스  열린공감  에 사과 요청,Social
합판 두 장 붙여 밀수담배 봉인 이렇게   만갑 숨겼다,Social
 떡볶이에 머리카락이  사장님만 보이게 올린 리뷰  무슨 사연 ,Social
 대통령에게 거친 말 들었다던데  과기부 장관  그저 웃지요 ,Social
 이슈플러스  도로 확장 하겠다고    년 이상 된 나무를 자른다고요 ,Social
유아학비 지원금  만원 인상 추진 사립유치원생   만원까지,Social
한동훈  윤석열 징계소송에  패소할 결심이면 취하했겠죠  박범계  취하는 직무유기 ,Social
 년째 닫힌  삼성존    삼성창조캠퍼스 내 개관 언제 ,Social
세 갈래로 뻗은 대선 허위보도 수사   가짜 최재경 녹취록  의혹까지,Social
보훈부  정율성 기념사업 중단하라  광주시  예정대로 추진  종합 ,Social
 임영웅 콘서트 티켓 판다 는    년생 임모씨  사기 피해     만원 넘어,Social
법무부  김오수 지시로 수사한 결과    수사무마  없었다 ,Social
서울대 경북대 병원  무기한 파업  돌입  고질적 인력 부족 해소 요구,Social
 자막뉴스  호주에 팔면   배    입이 떡 벌어지는 밀수  들통 ,Social
한동훈  이재명    회 압수수색  저 숫자면 매일 했어야 ,Social
여고생에 술 담배 대리구매해주고  신던 스타킹  요구,Social
과음 나무란 모친 살해한 대학생  첫 재판서  혐의 인정 ,Social
이영애   열린공감   겨냥  가짜뉴스 선동  작심 발언 방송중지 요청 법적조치 검토,Social
조규홍 복지부 장관  연금개혁  단일안  요구에  장담할 수 없다 ,Social
국민연금에 국고 투입 공방  공무원 군인연금만 세금 지원 불공정 ,Social
      허위보도  전방위 압수수색  기획수사  반발 종합 ,Social
파업 첫날 서울대병원  진료대란  없었다 입원환자 일부 불편,Social
 배고파요  하루 한 끼 분유만 줬다 친딸 살해한   항소심은,Social
심상찮다  수원 일가족 전세사기 커지나 어텐션 뉴스 ,Social
방통위 방통심의위  정상적 의결 에 쏟아진 물음표,Social
정치하는엄마들  아동학대처벌법으로 언론사   곳 고발,Social
 두 아이 엄마를 욕되게   이영애 뿔났다  진보매체에 방송중지 신청,Social
 단속요원  명 사망  정선 화물차 사고에 유가족  인재 ,Social
모텔서 아이 낳고 창밖으로 던져  살해 혐의  친모 구속,Social
 단독  한국땅 들어오는 마약 급증 관문에서부터 잡아야 하는데,Social
대형병원 간호사 주  일제 후 워라밸      점  사직욕구      점,Social
  표예림 아느냐  질문 받은 정순신  멋쩍다      국정감사 ,Social
전세사기에 망가진 삶    명 중  명 회복 불능,Social
 대선 허위보도  김병욱 보좌관 압수수색  이재명 연결고리 찾는  ,Social
  분만 지났어도 뇌 손상  쓰레기 줍다 쓰러진   대  이들이 합심해 살렸다,Social
 단독   관악구 모텔 몰카  영상 더 있다 피해자    명 이상,Social
의정부 호원초 교사 사망 후에도 대책 보고 없었던 학교 유족  학부모 고소,Social
 현실판 더글로리  표예림  극단 선택 전 경찰 소환 조사 억울함 호소,Social
여야  김만배 녹취록  이재명 수사  놓고 격돌  법무부 인사검증단  자질 논란도 도마에,Social
경찰   분 지각했다며 학생 뺨 때린 고등학교 교사 수사 중,Social
우윳값 인상은 낙농가 카르텔 때문  목장에서 소젖 짜보니  보니보니 ,Social
 이영승 교사   제 의 학부모 에게도 사망 직전까지 시달려,Social
교육부  만 세 유아학비 지원   만   만원 인상 추진    세까지 단계적 확대,Social
      정신 폄훼 극우      보궐이사에 내부 반발,Social
 현대오일뱅크 폐수 무단 반출  혐의 공방   여야 한목소리 비판     국감 ,Social
합판 뜯어내니 담배 와르르 수입담배 대량 밀수출 일당 적발,Social
학생  분 지각하며 늦잠 잤다고 하자 격분한 교사  목조르고 뺨 때리고 아직 분리조치 안 돼,Social
조기 유학비랑 맞먹는 대전 영어 유치원 한달 교습비       만원,Social
바르게살기 양주시협의회 비대위 주장에 강력 대응 천명,Social
대구시  빚으로 신청사 건립 반대 높아     유휴부지 매각 방안 제시,Social
매년 임대료만 수억원      사유지 익산 배산공원 매입 시급 ,Social
 영상  킥보드 피하려다 화물차 전복됐는데 안 멈추고  쌩 ,Social
학부모 대상 공개 수업 교사가 거부   ,Social
 조폭 저격  유튜버 폭행한 일당 잡고 보니 신참 조폭,Social
알바 구직 사이트에 판치는 변종 성매매 광고   무방비 상태 ,Social
전공의 전체 정원     이상  수도권 쏠림  서울이 최다,Social
 대통령  카르텔  한마디에 연구 현장 빙하처럼 녹아내려 ,Social
모텔서 낳은 아기 창밖 던져 살해한   대 구속,Social
 김건희 논문  증인 모두 불참     아들 학폭  정순신은 사과,Social
 야금야금 소고기 빼돌렸다  회사 냉동 창고서 소고기 훔친 영업 사원 검거,Social
초박빙 승부로 끝난 조선대 총장 선거 김춘성 이계원 교수    순위,Social
 스카이캐슬 다시 봐야 하나  대입 개편에 다시 뜨는  이곳 ,Social
이동재 기자  정준희 교수 민언련 전 대표 고소,Social
 로또당첨 수준  뒤집힌 비행기 찍힌 우표 한장이   억 이상 ,Social
피해자 늘어가는  수원 전세사기 의혹   경기도 등 관련 기관들 대책마련 분주,Social
보훈부 광주시  정율성 기념사업  정면충돌  중단    안돼  종합 보 ,Social
한밤중   대 운전 전동킥보드 피하다 전복된 화물차,Social
 외모 불량하니 탈락시켜라  입시 결과 조작한 특성화고 교장,Social
 뼛속까지 문과인데 수학도 잘해야 돼   학생 학부모  멘붕 ,Social
 이재명 혐의 확증편향 가졌다    항의에 한동훈  의원님이야말로 확증편향  반박,Social
  장사정포 수천발 쏘면 막을 수 있을까  시민 불안,Social
      국감 법무부  김오수 지시로 수사한 결과    수사무마  없었다 ,Social
 가세연 출신  김용호  고깃집서 여성 강제추행 혐의  심 집유,Social
한동훈  과거 인사에 견제 균형 없어 인사정보관리단 설치는 진전 ,Social
   톤 자재 준비했는데 부도라니  위니아 협력사    곳 줄도산 위기  광주 경제 먹구름 ,Social
다국적 마약 밀반입  공항 세관 직원이 도왔나 경찰 수사 확대,Social
 도둑 촬영  법원마저 등 돌린 현대중공업 한화오션  당연한 결과인데   ,Social
검찰   대선 허위보도 의혹  민주당 연구위원도 압수수색  종합 ,Social
피 흘리며 쓰려진 아내 두고 테니스 치러간 남편  유기 혐의  송치,Social
 새벽 귀가  야단친 어머니 살해한 대학생 법정서 한 말,Social
전세사기 피해 우려된다면  임차인 최우선변제권  확인하세요,Social
 필로폰      밀반입  세관 직원 연루 의혹 경찰 조사 중,Social
 기간제 라는 이유로 기피업무 맡은 교사    ,Social
주한 이스라엘   고국 돌아가 싸울 것  국내 거주 팔레스타인  저항은 정당 ,Social
 제 의 학부모  어땠길래    이영승 교사 유족 학부모  명 고소,Social
검찰   보좌관 기자 국회정책연구원 압색   조작 인터뷰  보도 의혹 수사 종합 ,Social
 패트 충돌 의원님    명  년   개월째 재판 중 내년 총선에도 사법리스크 여전,Social
불법촬영 중국인  영상    만개 찍고선  유포 안했다 ,Social
늦은 귀가 혼낸 어머니 살해한 대학생 첫 재판서 혐의 인정,Social
 국감현장  환경부 국감서  현대오일뱅크 폐수 무단배출  도마 위 종합 ,Social
검찰  전세보증금    억원 떼먹은   세대 빌라왕  구속기소,Social
내년 만 세 유치원비 지원금  만원 인상 추진   만   만원,Social
 아들 학폭  정순신  국감서  피해 학생에 용서 받았지만 송구 ,Social
 단독   보좌관을 최재경으로 둔갑시켜 보도   검찰   가짜 녹취록  관련자 압색,Social
 르포  팔레스타인에 연대를  광화문에 모인  하마스  지지자들,Social
한동훈    부실수사 의혹 수사 그런 사실 없어 ,Social
 르포  나치 흔적 적나라한  테러의 지형학  시민이 유적 리모델링 막은 이유  지워진 역사  잊힌 유적 베를린편  ,Social
 지금 제철  물오른 가을 배  이렇게  먹으면 더 좋아요,Social
 죽은 유대인은 못 살려  냉소 딛고  틱톡  활용 교육시설로  지워진 역사  잊힌 유적 베를린편  ,Social
전자발찌 찬 채 시각장애인 성폭행 시도   대 징역  년,Social
 인터뷰  손기정 뛰던 경기장도  나치 유적 논란   분쟁 끝 보존   지워진 역사  잊힌 유적 베를린편  ,Social
      권고사직 전제로 보도부문   명 희망퇴직  노조 반발,Social
가장 비싼 영어유치원 학비  월    만원 사립초는 연간     만원,Social
검찰   보좌관 기자 압수수색  조작 녹취록  보도 의혹 수사 종합 보 ,Social
모텔서 낳은 딸 창밖에 던져 숨지게 한   대 엄마 구속,Social
술 마시고 늦게 귀가했다며 야단치는 어머니 살해한 대학생  법정서 혐의 인정,Social
여중생 전동킥보드 피하려다 트럭 전복  목격자 없었으면 그냥 가려했나  영상 ,Social
정순신 학폭 무마 논란에  피해 학생 가족께 진심으로 사과 ,Social
법무부  김오수 검찰도  부산저축  수사 무마  허위 확인 ,Social
노랑버스 아니어도 체험학습 가능해졌지만 전세버스 무더기 취소 누가 보상하나 ,Social
돌고래쇼에 이용되다 바다 돌아간 지   년  삼팔이  셋째 낳았다,Social
 집집마다 지하벙커 있지만  불안한 이스라엘 유학생,Social
 그 의사  왜 사라졌다 돌아왔나 했더니   면허 취소 후 재발급한 이유,Social
    만명분  마약 밀반입 경찰  인천공항세관 직원들 강제수사,Social
 심층  대구시청 신청사 어떻게   빚내선 짓지 말라는 게 시민 뜻      입맛 맞춰 한 설문조사   인디언 기우제 지내냐  ,Social
 중  특목고 가야    중  재수해도 돼요        대입안 대혼란,Social
분유만 먹은       살아이 사망  양형부당  주장한 친모 형량,Social
  세가     친딸 학대 살해한 친모  항소심도 징역   년,Social
법무부   정부 검찰 수사 결과    수사 무마  없어 ,Social
인천공항 세관 직원이 마약 밀반입 도왔나 경찰  내사 착수,Social
 취해서 그랬다    세   어머니 살해하고 심신미약 주장,Social
이웃들에 흉기 휘둘러  명 숨지게 한 중국 동포   심서 무기징역 선고,Social
조규홍  공공의대 설립 신중히     년부터 의대정원 확충 노력  종합 ,Social
 대구신청사  공론과 여론은 다르다  달서구 반발 종합 ,Social
 아들 학폭 논란  정순신  알량한 법지식으로 소송까지  후회막심 ,Social
법무부  김오수 지시로 부산저축은행 의혹 수사  윤석열 수사 무마  없었다        국감 ,Social
조규홍 장관  기초연금  재정소요 늘어 사회공론화 필요 ,Social
오염수  대강 보 존치 두고 야당 집중 질의 국감     ,Social
 술  담배 사줄테니 스타킹 줄래   여고생에 은밀한 제안한 나쁜 어른,Social
김명준의 뉴스파이터 창밖으로 신생아 던진 친모  누군가 발견해 잘 키워주길 ,Social
 대치동 더 붐비겠네   대입개편에  강남유턴  불붙나,Social
서울대병원 보라매병원 파업 응급실 등은 제외,Social
내일부터 스토킹범에도  전자발찌  채울 수 있다 대검  적극 청구  이슈네컷 ,Social
 뇌물수수  이정근  심도 구형보다 높은 형,Social
 르포 수원 전세사기 피해   억 부동산  해줄 말 없어요 ,Social
검찰     억원 떼먹은 전세 사기범 구속 기소,Social
또 출마 군불 때는 조국  유튜브서  운명의 여신이 절 어디로 끌고갈지    ,Social
 대선 허위보도 관여    최측근 김병욱 의원 측 압수수색 연결고리 찾는  ,Social
 불법 정치자금 수수  한명숙  추징금  억원  년째 미납,Social
신호 정차때  후  후룩  컵라면 먹은 백발의 버스기사  처우 개선 시급 ,Social
 면세점     창립  찰스 피니    조 기부하고 타계,Social
탄소포집 앞세워 화석연료  배출  두 글자 넣자는 사우디  왜 ,Social
 겨털 먹어라    엽기 가혹행위 해병대 예비역  벌금형,Social
한동훈   문재인 정부 시절  김오수 지시로  윤석열 부산저축은행 수사 무마  사실무근 확인 ,Social
한동훈 민주당 격돌 이재명 수사  인사 검증 등 갈등 최고조,Social
      국감   개월 만에 국회 출석한 정순신  피해 학생에게 사과드려  송구한 마음 ,Social
표예림 사망에  살인마     가해자 향한 카라큘라  분노 ,Social
  차 피해 국가가 입혔다    한동훈   많이 부족하다 느꼈을 것  사과,Social
  헬로비전 하청노동자 극단 선택  장시간 노동 퇴사 종용 ,Social
검찰  민주당 정책연구위원 압수수색  대선 허위보도 의혹 ,Social
세관 직원이 마약 밀반입 도왔나    경찰  내사 착수,Social
의사 없어   개월째 텅빈 투석실  환자 없어 불꺼진    병동 ,Social
새벽귀가 야단치는 어머니 살해 대학생  법정서 혐의 인정,Social
 김건희 논문  공격한   난처한 교육부 장관     국감 ,Social
 소득 높다고 보상 못 받아  전세 사기 피해자의 울분,Social
  차 피해 국가가 입혔다    한동훈   많이 부족하다 느꼈을 것  사과,Social
  헬로비전 하청노동자 극단 선택  장시간 노동 퇴사 종용 ,Social
검찰  민주당 정책연구위원 압수수색  대선 허위보도 의혹 ,Social
세관 직원이 마약 밀반입 도왔나    경찰  내사 착수,Social
의사 없어   개월째 텅빈 투석실  환자 없어 불꺼진    병동 ,Social
새벽귀가 야단치는 어머니 살해 대학생  법정서 혐의 인정,Social
 김건희 논문  공격한   난처한 교육부 장관     국감 ,Social
 소득 높다고 보상 못 받아  전세 사기 피해자의 울분,Social
 오은영 예능  때린 정부     금쪽이가 저출생 이유  잘못 짚었다 ,Social
 고향집이 폭격당했대요     고국서 날아든 부고에 애끊는 이 팔 사람들,Social
한동훈  이균용 검증 법무부가 했다 판단은 대통령실이   영상 ,Social
소방관 국가직 됐지만 급식은 지자체 근무지 형태별로  제각각 ,Social
 딤채  위니아 회생 신청 노동자들  년째 임금체불 고통,Social
 비트코인    억 있다  친구 지인 등친   대 실제  잔고  보니,Social
 배고프다 는 친딸 죽게 한 비정한 모정    심도 징역   년,Social
대구시민      시청 신청사  유휴 부지 팔아 재원 조달해야 ,Social
필로폰     세관 통과  미스테리     직원이 도왔다 ,Social
킥보드 피하려다 트럭 전복됐는데 그냥 가려던 여고생,Social
 분 지각한 학생 목 조르고 뺨 때린 교사  경찰조사 아직도 담임맡아,Social
 신던 스타킹 주면 이거 사줄게     여고생에 접근한 아저씨들,Social
 표예림 가해자들  지옥 보내겠다  개명한 이름까지 폭로,Social
숨진 의정부 교사 유족  학부모  명 고소,Social
기록 남기고 떠난  최고령 스카이다이버 ,Social
조규홍  국민연금 기금 국고 지원 부정적  우린 보험료가 외국 절반 ,Social
      국감  이재명 영장 기각 공세 한동훈  민주당도 상당수 가결표 ,Social
 학폭 폭로  표예림씨  극단 선택 전 유튜버에 고소당해,Social
환경부 장관    오염수 국내영향 미미        직무유기 ,Social
 상품권깡  불법정치후원 구현모 전    대표  업무상횡령도 유죄,Social
 만취 귀가 혼낸 모친 살해  대학생 아들  심신미약 주장,Social
마산 앞바다서 죽은 정어리 수천 마리 발견 대규모 폐사 재현 우려  촉각 ,Social
시흥 아파트서 흉기 난동  명 사망 중국교포  심 무기징역,Social
   억 수수  이정근  항소심서 징역  년  개월,Social
 인사검증 실패론  대응한 한동훈의 세가지 전술,Social
 오송 참사  분향소 철거 항의 시청 현관 잠금장치 부순 민노총 간부  명 입건,Social
   대선개입 허위보도  의혹 민주당 연구위원 압수수색,Social
교육부장관의 무더기 정정보도 청구에  언론 길들이기  반발,Social
집유기간  이틀 연속 음주 무면허 운전    대 실형,Social
서울 도심서 팔레스타인 지지 집회 이스라엘 대사관 가려다 제지당해,Social
   유명 식당 대표 살해 주범에 다시  사형  구형,Social
캠핑용 손도끼로 앞차 유리  쾅   꺽꺽대던 운전자 살렸다,Social
 방류 오염수 건강 영향  비공개한 질병청 논란 커지자 공개 전환,Social
서울대병원  필수인력 확충  천여명 파업 참가 검사 등 일부 차질 종합 ,Social
 학폭 폭로  표예림 씨  극단 선택 전 고소 여러 건 당해,Social
초등학생 독감 유행 기준   배 급증     면역 빚  독촉하는 바이러스  앵커리포트 ,Social
 낙태한 것     용인 장애 영아 살해  가족  첫 재판서  혐의 부인 ,Social
농촌 인력구인 다툼에 마을후배 살해   대  징역   년,Social
     원 꼭 갚을게요  돈 모자란 카페 초등생 꾹꾹 눌러쓴 손편지  뭉클 ,Social
 단독  귀가하던 여고생 따라가 주거침입 시도한   대 검거,Social
유치원 등원시간 불  평소 훈련 덕분  인명피해 없어,Social
하남도공  공설장례식장  운구차 사업  특혜 의혹,Social
모텔서 낳은 딸  층 창밖 던진   대 구속  죽을 줄 몰랐다 ,Social
 특공대 야간 작전이냐  대구 신청사 여론조사 기습 발표에 달서구  아우성 ,Social
의정부 호원초 교사 유족  학부모  명 고소,Social
제주 유명식당 대표 강도살인 항소심서도 주범  명에 사형 구형,Social
양주시    억원대 토지 기부채납  시의회 반대로 무산,Social
 배송 수행률 떨어지면 사실상  클렌징    연휴가 그림의 떡인 택배기사들,Social
합판에 담배 숨겨 밀수출 시도   목적지는  담뱃값  배  호주,Social
 대선 허위 녹취  의혹  의원 보좌관 기자 정책연구위 전방위 압색 종합 보 ,Social
 스브스픽   뭔가 울컥하고  카페 알바에  손편지  건넨 초등생들,Social
유튜버 김용호  여성 강제추행 혐의  심서 유죄,Social
       업주가 단골손님 치마 속을 불법 촬영 들키자 휴대폰  박살 ,Social
 떡볶이에 머리카락  후기 남겼는데 가게 사장님  고맙습니다  대답 왜 ,Social
 학폭 폭로  극단선택 표예림  생전 유튜버에 명예훼손 고소당했다,Social
택시노동자들  사업장 전수조사 촉구  사납금제 사실상 유지 ,Social
한동훈  이재명 혐의 확정적으로 발언했다  야당 대표 구속하는데 저 정도 자신도 없었겠나 ,Social
 수신료 급감  위기 빠진 공영방송 구성원 직접 나서 헌법소원,Social
단기 체류자    명 귀국   이들이 전하는 현지 상황은 ,Social
법무부  김오수 지시로 수사한 결과    수사무마  없었다 ,Social
농촌 인력구인 다툼에 마을후배 살해   대  징역   년,Social
의원님 전용 주차공간 설치  부산공무원노조 집단행동 경고,Social
고양시의회  양당 긴급회의에도 합의 도출 실패,Social
 택시회사 전수조사 시행     방영환씨 분신에 움직인 서울시,Social
 대선 전 여론조작  의혹 수사 검찰  민주당 소속 정책연구원 압수수색,Social
성범죄 전과  범인데 정신 못차리고 성폭행 시도한   대   최후,Social
다국적 조직 필로폰 대량반입 세관직원이 봐줬나 경찰 수사,Social
최고급 호텔서 마약 투약한   대 남녀 자수   홧김에 신고 ,Social
   억 뇌물  혐의 이정근   심서 징역  년 개월 일부 감형,Social
     세대 빌라왕  구속기소 보증금    억원 가로채,Social
왕족의 몸 영롱하게 빛낸  그  벌레  옛 신라 땅 서식  첫  확인 ,Social
 살 딸 학대 살해한 친모  항소심도  징역   년 ,Social
    허위 보도 의혹  김병욱 보좌관 기자 압수수색,Social
 뼛속까지 문과인데  확률과 통계  어쩌나  대입 개편에 긴장한 학생 학부모들,Social
모텔서 낳은 아기 창밖으로 던져 살해한   대 구속,Social
카라큘라  최근까지 표예림 만나   그 유튜버 어처구니 없다 ,Social
복지부 국감  의대정원  화두 떠올라      년부터 확충 ,Social
합판 뜯자 담배   만갑  빼곡 호주 밀수출 시도 일당,Social
테니스 모임서 만난 남친  임신사실 알리자  아내 있다 ,Social
 이 팔 전쟁 책임  이스라엘에 있어    국내 거주 아랍인들 서울 도심서 집회,Social
검찰  민주당 정책연구위원 압수수색     대선 허위보도 의혹  개입,Social
 보궐선거  강서구청장 오후  시 투표율       직전 지선보다 낮아,Social
인터넷언론사 심의에  민주주의 국가에서 유례 찾을 수 없어 ,Social
강제추행 혐의 유튜버 김용호  심서 집행유예 선고받아,Social
한동훈  야당 대표 구속한다는데 저 정도 자신 없겠나 ,Social
인사검증 부실  이재명 영장기각 책임론 선그은 한동훈     국감 ,Social
   억 전세보증금 빼돌린 혐의   세대 빌라왕  재판 넘겨졌다,Social
창원 신성에스티 공모주 청약경쟁률       대    대박 ,Social
수원 전세사기 피해자  천세대 피해액  천억 넘을 듯,Social
 이 팔 전쟁  국내 팔레스타인인들  가자지구 폭격 중단을  종합 ,Social
서울대병원 노조 총파업 돌입  현장 화보 ,Social
불꽃축제의 이면    인간이 만들어낸 재앙  이러다 다 죽는다,Social
   억 수수 혐의  이정근 전 민주당 부총장   심도 실형,Social
한동훈  김경수  지사 등 영장 기각됐지만 중형받아 ,Social
 가세연  김용호  부산 고깃집 강제추행  심서 유죄,Social
내년까지 국가공무원     명 줄인다,Social
  표예림씨가  스토커  지목한 유튜버  여러분이 아는 진실이 진실 아닐 수도 ,Social
 아들 학폭  정순신  국감서 사과  피해 학생과 가족께 진심으로 사과 ,Social
 오늘의 운세    월   일 목요일  음력  월   일    ,Social
대입 개편  학원가는 장 섰다 중    타깃 입시설명회 봇물,Social
 비트코인    억 있다 며 투자하라던 친구  실제 잔액은 고작   원 ,Social
올림픽대로 난폭 운전 몽골 외교관 술 냄새 났지만  면책특권 ,Social
경찰   나무 도마 마약  인천공항 세관 강제 수사,Social
경찰  업무상배임 혐의 전공노 전 원주시지부장 보완수사 기소의견 재송치,Social
마약  셀프처방  하는 의사들 복지장관  관리 부족해  인정,Social
전세금    억원 떼먹은   세대 빌라왕  구속기소,Social
 나이 어린데 기회를    차례 불법 촬영   대 선처 이유,Social
        내 겨드랑이 털 먹어라  해병대에서 벌어진  엽기 가혹행위 ,Social
 가자지구 폭격 중단  서울 도심 팔레스타인 지지 집회,Social
 그놈 목소리 기억하세요  금감원 보이스피싱범   명 음성 공개,Social
서사원 혁신한다더니  년 만에 복지부 경영평가     급락,Social
여고생에 술 담배 사주고  신던 스타킹 달라  요구한   대,Social
창원 남해서 정어리 떼죽음 잇따라  비상 ,Social
 포항 스페이스워크  개장   개월    만명 방문 눈앞,Social
 출퇴근 지옥  탈출 청신호    김포 골드라인   량 예비주행,Social
 국감현장  환경부 국감서  현대오일뱅크 폐수 무단배출  도마 위,Social
감사원  탈세제보 축소 논란 지역 세정기관 감사 착수,Social
마약 밀반입 때 도와줬다     경찰  인천공항 세관 직원 수사,Social
이정근 항소심서도 검찰 구형보다 많은 징역  년 개월 선고,Social
재판부마저  갸우뚱  정유정 반성문    어떻게 썼길래,Social
질병청   오염수 장기간 추적조사 필요  용역보고서 누락 논란,Social
화성시 곳곳서 민원   수돗물에 검은 가루 ,Social
 단독   에 수백억가치 국가핵심기술 유출 신고했지만   포상금은    만원,Social
 공포의  시간      높이서 멈춘 집와이어  임시 중단 ,Social
 성급 호텔서 마약 투약한   대 남녀  자수할게요 ,Social
 표예림 사망  카라큘라 분노  살인마     사람이면 발인까진 입 닥쳐라 ,Social
 성남시의회 잔혹사  법정 구속된 박광순 의장 결국 사임서 제출,Social
한라산 단풍 시작 지난해보다  일 빨라 이달 중순  절정 ,Social
최용규 변호사  내년 총선 포항남 울릉 국회의원 출마 선언,Social
식당서 옷 다 벗고  주인 껴안은   대 두달 전에도  강제추행  저질렀다,Social
검찰   민주당 인사가 허위 제보  이재명 캠프로 수사 확대되나,Social
동구청  팔공산 폐기물 불법 매립 수사 의뢰  사토 출처 파악이 급선무 ,Social
 플라스틱이 어떻게 목에 넘어가   유산 피해에 카페사장  의아 ,Social
 환경미화원 취업시켜 줄게  억대 금품 받은 자치단체 공무직 노조위원장 기소,Social
 아이 걷기 시작하면 사교육비 걱정  영어유치원비 한달     만원 ,Social
  성급 호텔서 마약    대    아침에 돌연  자수할게요 ,Social
    대선 허위보도 의혹  민주당 정책연구위원 압수수색,Social
 대선 여론조작 의혹  민주당 국회정책연구위원 압수수색,Social
 오송참사 분향소 철거 항의  청주시청 진입 민노총 관계자 입건,Social
강진 아프간에 구호품 도착했지만 태부족 삽 곡괭이로 구조도 종합 ,Social
 의정부 호원초 사망 교사  유가족  학부모  명 고소,Social
유튜버 김용호   부산 고깃집 강제추행   심서 유죄,Social
아내 피흘리며 쓰려졌는데 테니스 치러간   대  유기 혐의  송치,Social
고교생 킥보드 피하려다 트럭 운전사 전복 사고   학생은 사고현장 지나치려 해 ,Social
회삿돈으로 정치인 후원    구현모 전   대표  횡령 혐의도 유죄,Social
중  여학생 새벽 킥보드  피하려 급좌회전 화물차 전도,Social
 오송참사 분향소 기습 철거 반발  농성 벌인 민주노총 간부  명 입건,Social
 명 사상  시흥 아파트 흉기 난동  중국교포에 무기징역 선고,Social
 비트코인 수익 내줄게  친구들까지 등친   대  잔액은   원 ,Social
   억 금품 수수  이정근  심 징역  년 개월    구형보다 가중 종합 ,Social
교육위 국감 야  교과서 위원 선정 편향  여  정율성 흉상 철거해야 ,Social
박정희 대통령 생가 초가지붕  이엉 잇기로 새 단장,Social
트럭 전복시킨  킥보드  잡고보니 여중생 경찰  과실 조사 ,Social
  분 늦어서  고  학생 뺨 때리고 목 조른 담임교사,Social
 사람 해치려고 상경  서초 여중생에 흉기 휘두른  창원   대  송치,Social
 은  방수포  의무인데 고양서 불나도 울산 장비 갖다 써야,Social
 고깃집서  추행  김용호   강제성 없었다  주장했지만  유죄 ,Social
 대선 개입 허위보도 의혹  민주당 국회정책연구위원 사무실 압수수색,Social
 보훈부 권고 따를 수 없어    정율성 기념사업 중단 요구 거부한 광주,Social
윤석열 정부 장관들의 높아진  전투력  한화진  야당 의원들과  맞짱  종합 ,Social
빙그레  남양주 물류창고 건립 중단  대안 검토키로,Social
피해자 극단적 선택까지   대 성 착취범의 항소심  징역   년 ,Social
 땀 뻘뻘  정순신  피해 학생께 진심으로 죄송 충분히 반성 ,Social
인천공항 세관 직원이 마약 밀반입 도왔다  경찰  내사 착수,Social
극단적 선택 호원초 이영승 교사 유족  강요 등 혐의 학부모  명 고소,Social
 보험 접수하면 무상 수리      정비소 유혹 넘어가면 사기 공범된다,Social
 의정부 호원초 사망 교사  유족  학부모  명 상대 고소장 제출,Social
 정어리 떼죽음 악몽  또 터지나   마산 앞바다서 정어리 폐사체 발견,Social
원치 않는 수컷이 접근할 때 암컷 개구리가 쓰는 방법은 ,Social
여고생이 술 담배 사달라 하자  신던 스타킹 양말 줘 ,Social
 시흥 임대아파트 칼부림  중국 교포  심서 무기징역,Social
 사업가   억 수수  이정근  항소심도 실형,Social
지하차도 입구서 오토바이와     충돌 오토바이 운전자 숨져,Social
모텔 창밖으로 신생아 던져 살해한   대   구속  참혹한 부검 결과,Social
농림축산부 장관  개식용 종식 특별법 제정해야  보상 방안엔  신중 ,Social
 내 말 맞제  미쳤다  와   흥분한 세관 직원의 놀라운  촉 ,Social
 내 겨드랑이털 먹어  해병대 후임에 폭행 가혹행위 한 선임병,Social
서울대병원 노조  무기한 파업    진료 큰 차질 없을 것 ,Social
복합쇼핑몰  스타필드 창원  건립 마지막 관문 통과했다,Social
 후루룩   정차 중 컵라면 먹은 버스기사 모습에  안타깝다 ,Social
 단독 노조 겨냥 신고센터       가  사측 불법  노동부는  침묵  국감     ,Social
    만명분  마약 밀반입 어떻게 가능했나 보니 세관 직원 연루 의혹,Social
 아들 학폭 무마  정순신  죄송   개월 만에 국회 출석 사과,Social
최용규 전 서울중앙지검 부장검사  내년 총선 포항남울릉 국회의원 출마 선언,Social
현대제철 주변 송산측정소  다른 제철소 주변보다 오염물질 농도 높아,Social
 시댁에 주 일 아기 맡기는데 보러가면 안되나요  불편하다니 서운 ,Social
흉기로 이웃  명 살해한 중국 교포   심서 무기징역,Social
서울 지하철      호선 전동차    칸 교체,Social
 팔레스타인에 자유를   국내 이슬람단체 집회 현장 화보 ,Social
  억 편취한  부산판 빌라왕 에 징역  년 선고,Social
인천 호텔서  케타민 투약    대 남녀 검거 경찰 수사,Social
피하던 트럭 넘어져도 킥보드 탄 중학생은   쌩 ,Social
표예림  극단선택 전 고소  건 당해 지목된 유튜버  잘못 없다 ,Social
한동훈  영장기각  무죄 아냐  민주당  무죄추정원칙 무시 ,Social
한국인    명 무사 귀국 이스라엘 현지 교민 상황은 ,Social
한동훈  이재명 관련 질의에  그 정도 자신도 없어서 되겠느냐 ,Social
      국감 한동훈    혐의 확정 발언  검찰이 저 정도 자신도 없어서 되겠나 ,Social
모텔  층서 갓난아이 던져 살해한 엄마 구속  도주 우려 ,Social
전자발찌 차고도 또다시 시각장애인 성폭행 시도   대  징역  년 ,Social
 단독  비대면진료의 구멍  명이 하루  곳 비슷한 증상으로  쇼핑 ,Social
한동훈  이균용 낙마에  입맛 맞는 사법부 구성하려는 당리당략  종합 ,Social
국감서 발끈한 박범계  출장비 관여 안 했고 잘 몰라 ,Social
야당  대법원장 인사검증 참사     여당  박범계 장관 출장비 축소 ,Social
모텔서 낳은 딸 창밖 내던져 살해한   대 친모 주민이 발견,Social
 형보다 상속재산 적어도 유류분 청구 어려울 수 있어 ,Social
 뉴블더      원 사용료 달라  이순신 영정 두고 무슨 일 ,Social
 이재명 확증편향  지적에  한동훈  의원님이야 말로          국정감사 ,Social
 아버지 뜻 이어 투쟁할 것    분신 택시기사 유족이 외친 완전월급제,Social
 속보      대선 허위보도 의혹  민주당 정책연구위원 압수수색,Social
한동훈  부족하다고 느끼셨을 것   부산 돌려차기  피해자에 사과,Social
대구시  시민     시청 신청사 건립 보류 의견  여론조사 결과 종합 ,Social
분신 택시기사 유가족 노조  뜻 이어 완전월급제  종합 ,Social
 성급 호텔서 여성과 마약 하던   대   돌연  자수할게요  왜 ,Social
 단독  군산전북대병원 설립 난항  독미나리 좌절에 이어 이번엔 물고사리,Social
 단독  농어촌공사   때 바뀐 수상태양광 정책에 수십억 수익원 날릴 판,Social
 의정부 교사 사망  유족  학부모  명 강요 등 혐의로 고소,Social
전공의 수도권 쏠림  심각  전체 정원의     이상 차지,Social
광주시  정율성 사업 위법사항 없다  보훈부 권고 거부,Social
정순신  아들 학폭 적극적으로 알렸어야 피해 학생에 사과 ,Social
한동훈  이재명 무죄 아냐  김경수 안희정도 기각     장관 확증편향있어 ,Social
  일부터 스토킹 범죄자도 전자발찌 가능 대검  적극 청구  방침,Social
 부산판 빌라왕 에 명의 빌려준 바지사장 징역  년,Social
 연예인 폭로 협박  유튜버 김용호  강제추행 혐의  심서 유죄,Social
아파트서 흉기 휘둘러 이웃  명 숨지게 한   대  심서 무기징역,Social
  억 전세사기 명의 빌려준  부산판 빌라왕 은 사기방조범 징역  년,Social
모텔서 낳은 딸  층 창밖으로 던져 살해   대 엄마 구속,Social
쓰레기 줍다 쓰러진   대 공공근로자  행인 구급대 신속대처로 살려  영상 ,Social
 친일파놈들아   오염수 처마셔라  국민의힘 시의원 폭행한 남성,Social
신천지 출신 과천시의원  심 벌금 유지  의회 징계  목소리,Social
   조 뭉칫돈 생기나    세종의사당 건립비 한방 해결  촉각 ,Social
전자발찌 찬  그 놈   시각장애인에 접근해 성폭행 시도  철창행 ,Social
 난폭운전  몽골대사관 외교관 적발 음주측정엔  면책특권  종합 ,Social
 상품권깡 으로 국회의원 후원 구현모 전    대표 벌금형,Social
세입자    명 울렸다  세대 빌라왕 구속 기소,Social
한동훈  검찰이 야당 대표 구속한다는데 저 정도 자신도 없겠나 ,Social
 신상털기  사적 제재에 열광  사법불신이 낳은  불편한 통쾌함 ,Social
 뉴스        팔레스타인에 연대를  광화문서 이슬람 집회,Social
보훈부 광주시  정율성 사업 정면충돌  용납불가      적법 사무  종합 ,Social
환각물질   번 흡입해 처벌받고 또 흡입한 운전자  항소심 징역  년,Social
정부  국정감사서  고리  호기 냉각수  해상방류 하겠다 ,Social
 중단 권고  정율성 기념사업 현장 주변은  뒤숭숭  르포 ,Social
   억 수수  이정근   심서 징역  년  개월  구형보다 높아,Social
장애인사촌 명의로 특별공급 분양권 취득   대 징역형,Social
충남 내포역세권 개발 관련 원주민과  갈등 ,Social
 배고프다   세 친딸 학대 살해 친모 항소심도 징역   년,Social
제빵도 요리도 아닌  이 자격증 에 취준생 군인 몰렸다,Social
갑자기 심장 멎은   대 공공근로자  시민들과 소방관 응급처치로 소생,Social
내년까지 국가공무원 약  천 명 줄인다,Social
 체모 먹이고 젓가락 빨게 해  가혹행위  선임병 ,Social
 영상   주   시간제  그 법 지키자고   택시 노동자는 몸에 불을 당겼다,Social
 길 한가운데 떡하니   불법  풍선형 입간판에 몸살 앓는 대전,Social
임현주 아나운서  신생아 이동중  누리꾼  갑론을박 ,Social
이주호  학폭 근절할 것 학교전담경찰관 역할 강화 고민 ,Social
진보당 광주시당  위니아 사태 해결 위해 대유위니아 회장이 자구책 마련해야 ,Social
오송 시민분향소 기습철거 반발 농성 민주노총 간부  명 입건,Social
 도박으로 돈 잃어  이웃에 흉기 휘둘러  명 살해한 중국인  무기징역 ,Social
마산만 죽은 정어리떼 올해 또 발견 창원시 원인규명 나서,Social
 겨털  먹인 해병대 선임병 머리카락 태우고 담뱃재 든 커피까지,Social
   억원 수수  이정근  항소심서 징역  년 개월  정치불신 가중 ,Social
 술 다 깬 줄 알았는데  충북 숙취운전 불감증 여전,Social
한동훈  검찰이 야당 대표 구속한다는데 저 정도 자신도 없겠나 ,Social
평택 버섯재배사 화재   시간여 만 초진 인명피해 없어,Social
   억대 뇌물수수  이정근  항소심서 감형  일부 무죄  종합 ,Social
 여기가 네 땅이냐  편의점 입구 막고   일째 주차  대체 무슨 일 ,Social
 안마해 주겠다  시각장애 여성 집으로 유인 성폭행 시도   대 징역  년,Social
    억 계좌  보여주며 비트코인 권유  실제론   원 ,Social
 해운대 고깃집 성추행  유튜버 김용호  심 집유,Social
경기 청년 우대 금리로 저축 대출 받는  기회사다리통장  통장 나와,Social
 가세연 출신  유튜버 김용호   부산 고깃집 강제추행   심서 유죄,Social
경찰 긴급체포  명 중  명  구속영장 신청도 못하고 석방      국감 ,Social
 미화원 채용 알선   뒷돈 챙긴 광주지자체 노조위원장 구속기소,Social
수원 전세사기 일파만파 피해금액이  무려 ,Social
 이번에 다 고치고 보험처리하세요    동조했다간  보험사기 공범 ,Social
 알선수재 정치자금수수  이정근  항소심서 징역  년 개월,Social
이주호  사교육 카르텔 뿌리뽑아야  학폭 근본 대책 마련할 것 ,Social
한겨울 수락산에 개   마리 유기한   대  집행유예,Social
음주  집유  기간에 이틀 연속 술마시고 운전대 잡은   대 남성,Social
아파트서 흉기 휘둘러 이웃  명 사상  중국 교포  심 무기징역,Social
안성 공사장서   대 하청 노동자 추락사 중대재해법 조사,Social
김행 또 거짓말   주가조작 의혹  업체 투자  단독 대표 때 유치,Social
정순신  국감서 사과    알량한 법 지식으로 문제 해결해 후회막심 ,Social
 너희 일이나 해라  영치대상 차번호판 떼려한 경찰관 깨물고 폭행   대,Social
 킥보드  탄 여고생 피하려다 트럭 뒤집어졌는데 그냥 가려던 학생 결국,Social
 이스라엘 하늘도 뚫렸는데       대량 포격 도발 우려에 떠는 시민들,Social
 뉴블더   학폭 폭로  유튜버 숨진 채 발견 생전 억울함 호소,Social
광주 무진대로서 교통사고로 중앙분리대 넘어져 차량 정체,Social
문 정권서 급증한 국가공무원  내년까지     명 줄인다,Social
 보궐선거  강서구청장 오후  시 투표율       직전 지선보다 낮아,Social
복권이 벌어다 준 녹색자금   억원 법 위반 기관들도  꿀꺽 ,Social
 아들 학폭 무마 논란  정순신  피해 학생과 가족께 진심으로 사과 ,Social
추석 전    만 원 송이버섯  생산량 늘지만 지역별 희비교차,Social
구글 아마존 직원 단체 성명  이스라엘과 거래 중단해야  이 팔 전쟁 ,Social
피해자 극단선택 내몬 청소년 성 착취범 항소심도 징역   년,Social
오피스텔 명의 넘겨 사기 방조  부산 빌라왕  징역  년,Social
  명 세입자 보증금 뜯은  부산판 빌라왕  징역  년,Social
유커 급증했지만 예전만큼 지갑 안 연다,Social
 학폭 무마 논란  정순신  피해 학생과 가족께 진심으로 사과 ,Social
   억 뒷돈  이정근  항소심서 징역  년 개월로 감형,Social
긴급체포 남발하는 경찰  명 중  명은 영장 신청도 안하고 석방,Social
검찰  전공노가 고발한 원공노 업무상횡령 사건  혐의없음  종결,Social
왜 선생님들은 보직교사를 기피할까  수당 현실화 필요  초점 ,Social
 페트병 학부모  처벌 받을까   이영승 교사 유족  학부모  명 고소,Social
   억 수수 의혹 민주 이정근 전 부총장  심서  년 개월 선고,Social
이번엔 수원서 신고 속출  쪼개기 공동 담보 에 속았다,Social
   최재경 허위 녹취 보도 정황 포착  보좌관 기자 압수수색 종합 ,Social
시흥 복합물류센터 공사 현장서 근로자  명 추락사,Social
추석 연휴 신안 퍼플섬  만  천명 다녀가   신안 인구보다 많네 ,Social
잇따른 교통섬 사고  도로 한가운데 선 것 같아 불안 ,Social
철문 잠근  어선  전기톱  절단 잡아보니 백령도 꽃게가  그득 ,Social
강제로 체모 먹이고 머리카락 태우고 가혹행위 일삼은 선임병,Social
 양평고속도로 사무처리 부적절  경기도에 주민감사 청구,Social
포항지진 직격탄 흥해읍에    세대 임대아파트,Social
   억 뇌물수수  혐의 이정근  항소심서 일부 감형 징역  년  개월,Social
초과 근무수당     만원 챙겼다 부정수령 공무원     명,Social
코베아  청주에 명품 캠핑랜드 만든다,Social
 수원 전세사기 의혹  정 씨 부부 고소장   건 접수 피해액   억 원,Social
모텔서 딸 낳아 창밖 던져 살해한 엄마 구속  숨진 아이 간 파열  배 안에 출혈,Social
 나라 지켜줘 감사  보훈부도 수소문하던 알바생 찾았다,Social
 단독  성급 호텔서  마약 파티    대    말다툼 벌이다 자수,Social
영상회의를 했다고  충북도  재난 후속 대응도 엉망,Social
   억 수수  이정근   심서 징역  년  개월,Social
 연예인 약점 폭로 협박  유튜버 김용호  강제추행 혐의  심서  유죄 ,Social
내일부터 스토킹범에도  전자발찌  채울 수 있다,Social
스토킹 신고한  여친  살 아들 살해한   대 항소심도 징역   년,Social
브로커에 돈 받고 수사정보 제공 의혹 광주지검 수사관 압수수색,Social
 담배 사줄 테니 신던 스타킹 좀  청소년보호법 위반 무더기 적발,Social
 뉴스속 용어 몸값 치솟자 운명 바뀐  황금박쥐상 ,Social
   억 수수 혐의  이정근  항소심서 징역  년  개월 선고,Social
국가보훈부  정율성 기념사업 즉각 중단 권고  뉴시스    ,Social
 미성년   명 성착취  전 육군 장교  심 선고 연기 이유는 ,Social
경찰  청탁금지법 위반 혐의 정기환 한국마사회장 등 송치,Social
 서울대병원 파업 첫날   일단 필수 인력은 근무 장기화땐 차질 불가피 ,Social
 죽을 줄 몰랐다  모텔서 갓 낳은 딸 창밖으로 던진 엄마  구속 ,Social
검찰  민주당 김병욱 의원 보좌관 허재현 기자 압수수색  대선 전 허위보도 의혹 ,Social
경기신보  기회    특례보증  첫날    건 인기 폭발,Social
 단독    김병욱 보좌관이  상관 둔갑  허위보도 연루 의혹,Social
 구속 풀어달라  허위공시 횡령 혐의 김우동 조광    대표 보석 기각,Social
 인사 책임  대통령실로 공 넘긴 한동훈  법무부는 자료 수집만 ,Social
광화문 모인 무슬림    명  먼저 침공하고 웬 집회  행인 충돌,Social
강진 아프간에 구호품 도착했지만 태부족 삽 곡괭이로 구조도,Social
검찰  목포지청 수사관 압수수색 수사기밀 유출 금품수수 혐의,Social
전세사기  부산 빌라왕 에 징역  년 선고,Social
대구시  시민 다수  재원대책 없는 신청사 원치 않아 ,Social
 성폭행 혐의      정명석  법관 기피 신청 기각에 재항고,Social
 의정부 호원초 사망 교사  유족  학부모  명 고소,Social
 원주민 내쫓는 미니 신도시 개발  투기꾼만 배불린다 ,Social
 국내 유이 소중한  력들   남한강서 실종된   대 남성 직접 찾아냈다,Social
 의정부 호원초 사망 교사  유족  학부모  명 고소,Social
후임병에 자기 체모 먹이며 가혹행위 한 선임병 벌금    만원,Social
 틈만 나면 신혼집 오려는 시모  아들네 허락 받고 가냐  고함 ,Social
충남도   천안 안서동 대학로 조성사업  밑그림 나왔다,Social
지난해 전국 고교생  만    명 자퇴 대구 경북도 증가세,Social
   오염수 인체 영향   년 이상 추적조사 필요 ,Social
지방대 폐교 열흘 뒤 가보니 오래전부터 방치돼 잡초에 곰팡이 무성,Social
 이재명 허위인터뷰 수사  공방 권칠승   대장동 그분  보도도 상응조치해야 ,Social
모텔에서 낳은 신생아 살해 혐의      대 여성 구속,Social
내일부터 스토킹범에도 전자발찌 가능 대검  적극 청구 ,Social
마산 앞바다서 정어리 또 폐사 창원시  원인 규명 착수 종합 ,Social
정순신  국민 눈높이 못 맞췄다 충분히 반성 ,Social
 국감      단독 빅데이터 분석해보니    가습기살균필터  산화은 노출되면 천식 폐렴 위험성 높다,Social
 비 올 때마다 토사로 뒤덮여  창원 폴리텍  대상공원 공사 대책 마련 요구,Social
국회의원  쪼개기 후원  구현모      대표  벌금    만원 추가,Social
검찰    정부 통계조작 의혹  통계청 관련 실무자 조사,Social
합판 뜯었더니 담배   만갑  우루루     배 비싼 호주로 밀수출 시도,Social
 일단 잡고 보자 식 긴급체포 남발    명 중  명  구속영장 신청은 무슨 ,Social
여중생 킥보드 피하려다 넘어진 트럭 경찰  과실 조사 ,Social
민주당  이재명 영장 청구 무리  한동훈  본 재판서 잘 드러날 것 ,Social
배달음식에 머리카락 나왔는데  별점  점 준 손님  사장과 나눈 문자 보니 따뜻했슈 ,Social
대구시민   명 중  명   재정 호전될 때까지 신청사 건설 보류해야 ,Social
음식에 머리카락이  사장님만 보이게  리뷰  환불도 마다한 고객  훈훈 ,Social
대구시민  재원 대책 없는 대구신청사 원하지 않아,Social
 난폭운전  몽골 외교관 적발 음주 측정하려하자  면책특권 ,Social
이정근  항소심서도 검찰 구형보다 높은 선고 징역  년  개월,Social
공공장소 전등 맘대로 꺼  범죄다  생소한 경범죄  가지,Social
 팔레스타인에 연대를  서울 도심서  하마스 지지  집회,Social
 단독  간 큰  마장동 소도둑     회사창고서 소갈비  억 원어치 빼돌려,Social
 유네스코 등재된 가야고분  식민사관 배제 계기로 삼아야 ,Social
   억 수수  이정근   심도 검찰 구형  년 법원은  년 개월,Social
정청래 의원실 한전  누가 국감자료 헛발질했나 ,Social
제주 들불축제에서  오름 불놓기  폐지,Social
   원 속 이순신 영정 사진  역사 속으로 사라지나 ,Social
킥보드 피하려다 트럭 전복됐는데 여고생은 도망가다  덜미   영상 ,Social
 폭행 없었다  이귀재 교수   위증  혐의로 압수수색,Social
서울대병원 노조  무기한 파업  돌입  당장 인력 충원 ,Social
 단독   개국 국제마약조직에 세관도 한통속  경찰  인천공항 세관 강제수사 돌입,Social
  억 상당 담배   만갑 밀수하려던 일당  부산세관에  덜미 ,Social
 성범죄 전과  범  전자발찌 차고도 시각장애인 성폭행 시도,Social
질병청  코로나   위기단계  경계 주의  하향 시점  올해 중 결정 ,Social
 셋째 낳았어요  돌고래쇼 하다 바다로 돌아간  삼팔이  근황  포착 ,Social
 의정부 호원초    이영승 교사 유족  학부모  명 고소,Social
포스코 창립 첫 파업 기로  노조  중앙노동위원회에 조정 신청,Social
공무원  천명 줄인다   절반 이상 교육부에서 감축,Social
장애 있는 사촌 명의로 아파트 특공 받은   대 집유,Social
법원  학생연구원 인건비  억 빼돌린 경북대 교수 보석 허가 종합 ,Social
겨털 먹이고 담뱃재 커피까지  해병대 생활관서 벌어진 일,Social
윤석열 정부 장관들의 높아진  전투력  한화진  야당 의원들과  맞짱 ,Social
 오늘의 앵커픽  강서구청장 보궐선거 진행 자정쯤 당선 윤곽  ,Social
 올해 독감 심상치 않아  독감백신 찾아 발품 파는 시민들,Social
제주 유명식당 여사장 살해  인조  심서도 최고 사형 구형,Social
 의정부 호원초 사망 교사  유족  학부모  명 고소  처벌해달라 ,Social
대구시  시민 대다수  빚내서 신청사 건립 원하지 않아 ,Social
 맨발의 디바  이은미  교수됐다,Social
전세사기 깡통전세 피해자   명 중  명은  회복 불능  개인회생 파산 신용회복 예정,Social
대구 시민   명 중  명  시청 신청사  유휴부지 매각해 건립하는 게 최적 방안 ,Social
 쪼개기 후원  구현모 전    대표  업무상 횡령도 벌금형,Social
 영상  여고생 탄 킥보드 피하던 트럭  전복  학생은 그대로  쌩 ,Social
   억 금품 수수  이정근 항소심서 징역  년 개월  구형보다 무거워 ,Social
시흥 정왕동 물류센터 공사현장서   대 근로자 추락사,Social
 의정부 호원초 교사  제 의 학부모가 사망 이틀 전부터 압박 ,Social
 이 팔 전쟁  모디  또  하마스 테러리즘  비판  이스라엘과 함께 할것 ,Social
따오기 도입   주년  창녕 우포늪서   마리  자연 품으로 ,Social
   억 뇌물 혐의  이정근 항소심서 감형 징역  년 개월,Social
 살 딸 학대 친모 항소심서도 징역   년,Social
 암호화폐로 돈 벌게 해줄게    억 편취한   대 구속기소,Social
대구시민        신청사 보류할 필요 있다 ,Social
 속보   갑질민원  의심 호원초 사망 교사  유족  학부모  명 고소,Social
 살해 아닌 낙태   다운증후군 영아 살해  친부모  혐의 부인,Social
  후쿠시마 오염수 보고서  의도적 은폐     지영미  고의 아닌 실수 ,Social
창원 마산만 일대서 정어리 또 폐사 시  원인 규명 착수,Social
 농번기  사람 더 달라  말다툼하다 이웃 살해한   대 남성 징역   년,Social
 단독 피해자 목소리 담는  범죄피해평가제   확대 시행에도  경찰서당   건  제자리 예산     국감 ,Social
부천 모텔서 갓 낳은 딸 창밖으로 던져 살해한   대 엄마 구속,Social
  뉴스   학폭 고발  유튜버 표예림 씨 숨진 채 발견,Social
이주호  사교육 카르텔 용서할 수 없어 확실히 뿌리 뽑을 것 ,Social
 비트코인 수익 내줄게  친구들 등친   대  실제 잔액은   원 ,Social
헤어진 여친에    번 문자   접근금지 명령 어기고 스토킹   대 구속,Social
 여성 신체 불법촬영  청소년에 선고 유예 판결한 이유는 ,Social
 단독 유물보다 싼 목숨 발굴 현장에서 사람이 계속 파묻혀 죽는다,Social
기아 노사    일 본교섭 재개 결정 예고했던 파업 유보,Social
시흥 복합물류센터 공사장서   대 작업자    아래로 추락사,Social
경북 경산      열린음악회  무료 초대권  만매 동 나,Social
서울대 경북대병원 파업 돌입    필수 진료 인력은 유지,Social
선관위  내년 총선 사전투표함 보관장소      실시간 공개 검토,Social
극단선택 호원초 교사 유족  악성민원 학부모  명 상대 고소장 제출,Social
 훈훈하다  배달 음식서 머리카락 나오자  고객이 보인 반응은,Social
 살 딸 학대 사망  가을이 사건  친모  항소심도 징역   년,Social
 세 딸에 하루 한 번 분유 탄 물만 먹이고  엄마 밥 주세요  말에 폭행해 숨지게 한   대 친모   심도  징역   년 ,Social
유튜버 김용호  고깃집서   강제추행 혐의 집행유예,Social
   억대 수수 혐의  이정근  항소심서 징역  년 개월,Social
 이스라엘  가자 폭격 중단하라  아랍인들 광화문 집회,Social
대법원 최고 의사결정 기구  대법관회의 에 쏠리는 시선,Social
권익위  방문진 이사들  청탁금지법 위반 의혹  현장 조사 ,Social
 맨발 걷기로 건강하게    포항  맨발의 도시  입소문,Social
 이 팔 전쟁  대한항공    월까지 텔아비브 노선 취소 변경수수료 면제,Social
모바일 운전면허증     만건 넘어 현장선 불편 여전     국감 ,Social
대구시민       재원 대책 없는 신청사 원하지 않는다 ,Social
 뉴스    병원 인력 줄이면 환자 목숨은 누가 책임지나요  ,Social
 신생아 이동 중  양해를  임현주 아나   문구  유난   이게 왜   시끌,Social
 나에게 가장 큰 영향 주는 언론사는 메이저 아닌 대학언론 ,Social
검찰  윤석열 명예훼손 사건 민주당 보좌관 등 압수수색,Social
호원초 사망 교사 유족  학부모  명 고소,Social
쓰레기 줍다 심정지 왔지만 시민과 소방대원이 살려내,Social
 죽은 개 품고 있어  영하   도 산에 개   마리 버린   대 집유,Social
대구도시철  호선 하양 연장 구간 신설  개 역명은 ,Social
 수술 진료  건 에도 세금 지원받는 권역외상센터 전문의,Social
 수원 전세사기 의혹  확산에 임차인들 패닉   관계당국 대응 나서,Social
 죽을 줄은 몰랐다  모텔서 낳은 딸 창밖으로 던진 엄마 구속,Social
 의정부 호원초 사망 교사  유족  학부모  명 고소,Social
모텔서 낳은 딸 던져 살해한   대 구속  도주 우려 ,Social
기초수급비 받으려다 감옥 간   대 읍사무소서  흉기 난동 ,Social
  년 만에 대법원장 부결 사태  변협    일까지 후보자 공개 추천할 것 ,Social
택시기사의 죽음  대통령의 거센 말은 쓸모없었다  김용균재단이 바라본 세상 ,Social
가야사전국연대 등  가야고분군 세계유산 등재 후속조치 이행하라 ,Social
남한강에서 실종된   대 남성  수난탐지견이 찾았다,Social
 선거법 위반  혐의 이정근 검찰  징역  년  개월 구형,Social
 조폭 저격  유튜버 너클로 폭행한 일당들 안양지역 조직원이었다,Social
시흥 복합물류센터 신축 현장서   대 근로자 추락해 사망,Social
김행  딸 주식 매입  불법 없어 악마화에 단호히 맞설 것 ,Social
청주시 낭성면에 국내 최대 규모 캠핑장 조성 추진,Social
스토킹범도 전자발찌 채울 수 있다 개정 전자장치부착법   일부터 시행,Social
담뱃값 비싼 호주로   만 갑 밀수출 시도한 일당 검거,Social
  표예림  극단 선택 전 한 유튜버에 명예훼손으로 고소 당해,Social
노상방뇨 걸리자 경찰관 폭행한   대 징역형 집행유예,Social
경북 학교 공기청정기 담합 재논란 경찰  관련 업체 조사 중,Social
한동훈  인사정보관리단 역할은 자료 수집 ,Social
 외국인 근로자 공급  말다툼하다 주민 살해한   대 남성 중형,Social
   억 뇌물수수  이정근 항소심서 징역  년 개월 선고  보 ,Social
국내 팔레스타인인들  가자지구 폭격 중단  서울 도심 집회,Social
신생아 모텔 창밖으로 버린   대 친모 구속  도주 우려 ,Social
법원  부산 빌라왕은 사기방조범  징역  년형,Social
편의점 앞 차 빼달랬더니  후진   일째 입구 틀어막은 차주  네 땅이냐  ,Social
벽면형 사과나무로 노동력 줄이고 수확량 늘린다,Social
 보궐선거  강서구청장 오후  시 합산투표율       직전 지선보다 낮아,Social
한동훈  많이 부족하다고 느끼셨을 것   부산 돌려차기  피해자에 사과,Social
창원시  스타필드창원 대규모점포 개설등록 수리     년 문열듯,Social
스토킹 신고에 피해자  살 아들 살해   대   심도 징역   년,Social
암컷 폐사로 쓴맛 본 김해  황새 복원  이번엔 성공할까,Social
 아빠 누군지 몰라  모텔서 낳은 딸 창밖 던져 살해한 엄마 결국 구속,Social
강서구청장 오후  시 투표율       지선보다       ,Social
 의정부 호원초 사망 교사  유족  학부모  명 고소,Social
 조직적 상품권 살포  제주 전 성산포수협조합장 집행유예,Social
  표예림  학폭 가해자 스토킹 의혹 유튜버  신상 확산  자비없다 ,Social
여행비 대주고 상품권    장 살포 조합장 당선   대 집유,Social
선관위  내년 총선 사전투표함 보관장소 실시간 공개 검토,Social
광주광역시  보훈부 권고  거부    정율성 기념사업  위법사항 없다 ,Social
서울 도심서 열린 팔레스타인 지지 집회  뉴시스    ,Social
 내 털 먹어라  강제로 체모 먹이는 등 가혹생위 한 선임병 벌금,Social
질병청  원전 오염수 건강영향 보고서 감추기 논란     국감 ,Social
 이 팔 전쟁  국내 팔레스타인인들  가자지구 폭격 중단을 ,Social
 세 여아 학대 방치해 숨지게 한 친모  항소심도 징역   년,Social
유아 영어유치원 교습비 가장 비싼 곳 세종시 월    만원,Social
온라인 들끓던  수원 일가족 전세사기  일파만파 이미    여건 신고,Social
광주시  정율성 기념사업 중단 보훈부 권고에  계속 추진할 것 ,Social
 영상       넘어 꽃게  까나리  싹쓸이 하던 중국 어선 해경  전기톱까지 동원해,Social
순천정원박람회  목표 관람객    만명  수익금      초과 달성,Social
학폭 폭로 표예림씨  극단적 선택 전 고소 당해 갈등 있던 유튜버  잘못 없다 ,Social
헬스장서 여성 신체   차례 불법촬영 청소년 선고 유예 왜 ,Social
김행  딸 전세자금으로 주식 구매  회사가치 상승 알았다면 점쟁이 ,Social
최용규 변호사  제  대 총선 국힘 포항남 울릉 출마 선언,Social
방심위  뉴스타파  보도 첫 심의    법적 근거  논란에도 강행,Social
정해용 전 대구경제부시장    신공항 합의  화물터미널 군위로 봐야 ,Social
 대중도 전홍준 편  피프티 소속사   그알  내부관계자 사칭 남성 고소,Social
여행비 대주고 상품권    장 살포 조합장 당선   대 집유,Social
선관위  내년 총선 사전투표함 보관장소 실시간 공개 검토,Social
광주광역시  보훈부 권고  거부    정율성 기념사업  위법사항 없다 ,Social
서울 도심서 열린 팔레스타인 지지 집회  뉴시스    ,Social
 내 털 먹어라  강제로 체모 먹이는 등 가혹생위 한 선임병 벌금,Social
질병청  원전 오염수 건강영향 보고서 감추기 논란     국감 ,Social
 이 팔 전쟁  국내 팔레스타인인들  가자지구 폭격 중단을 ,Social
 세 여아 학대 방치해 숨지게 한 친모  항소심도 징역   년,Social
유아 영어유치원 교습비 가장 비싼 곳 세종시 월    만원,Social
온라인 들끓던  수원 일가족 전세사기  일파만파 이미    여건 신고,Social
광주시  정율성 기념사업 중단 보훈부 권고에  계속 추진할 것 ,Social
 영상       넘어 꽃게  까나리  싹쓸이 하던 중국 어선 해경  전기톱까지 동원해,Social
 속보   사업가   억 수수  이정근  항소심서 징역  년 월,Social
모텔에서 낳은 딸 창밖으로 던져 살해한 엄마 구속  죽을 줄 몰랐다  주장,Social
 가을 커피 향에 취해보세요  강릉커피축제   일 개막,Social
내년까지 국가공무원 정원  천명 감축 전망,Social
구미 박정희 대통령 생가 지붕  새 볏집 얹었다,Social
폰만 있으면 되니깐   도박에 빠진 청소년   년만에 무려  배  쑥 ,Social
 누가 아빤지 몰라  딸 창밖에 던져 살해한   대  모습 드러내,Social
 임영웅 표 양도    년생 암표상     명에  천만원 뜯어,Social
비데에 카메라 달고 셀카봉으로 옆방 찍고 불법촬영 증가세,Social
 표예림 스토킹  터무니없는 주장  지목된 유튜버 반박,Social
일부러 재판 미루려고      정명석  판사 바꿔줘  또 생떼,Social
 세 여아가      가을이 사건  친모 항소심도 징역   년,Social
이스라엘 체류    명 귀국  가족 만나 안심 ,Social
 르포  서울대병원 노조 파업 첫날 환자들   진료 보다 서류 발급 시간 더 길어 ,Social
쓰러진   대 공공근로자 신속 응급처치로 살려낸 구급대원 시민,Social
강제로 체모 먹이는 등 상습 가혹행위 한 선임병에 벌금형,Social
울산앞바다 운항 중인 선박서   대 작업자 선내 추락 해경 긴급이송,Social
 정부  통계조작 의혹  통계청 관련 실무자  참고인 신분 조사,Social
 전매 차익 얻으려  장애인 명의 빌려 아파트 특별공급 받은   대,Social
모텔서 낳은 딸 창밖 던져 살해한 엄마 구속  도주 우려 ,Social
 단독  디엘이엔씨의  번째 죽음 단톡방서 드러난  책임 떠넘기기 ,Social
영어유치원비 한달    만원  유아시절부터 교육 불평등 심각 ,Social
 뉴스현장   분당 흉기난동  최원종  정신감정 신청,Social
 단독  영재학교 떠나는  어린영재 들    중도이탈률   ,Social
해병대 후임 머리카락 지지고  겨드랑이털까지 먹였다,Social
단체교섭 결렬 경기도 버스노조   일 총파업 예고   일 찬반투표,Social
 년간 코로나  보다 자살로 숨진 사람이 더 많아,Social
 차 빼달라  편의점 점주 요청에  일째 보복주차 경찰  방법 없다 ,Social
이주호  교육개혁이라는 시대적 사명 완수하기 위해 최선 ,Social
정순신  국민 눈높이 못 맞췄다 피해 학생 가족들께 사과 ,Social
 지그재그  음주운전 몽골 외교관 적발  면책특권 으로 처벌 면해  사사건건 ,Social
노관규 순천시장  강변도로 잔디밭 복구  시민 여론 따를 것 ,Social
대구 시민   명 중  명  재정 부담 신청사 건립 보류해야 ,Social
한국노총 광주 공무직노조 위원장 등  명 구속 기소,Social
    허위 보도 의혹  김병욱 보좌관 기자 압수수색,Social
손도끼 든 시민  앞차 유리창  쾅쾅  발작 일으킨 운전자 구했다 영상 ,Social
올해 또  창원 마산 앞바다서 정어리 집단 폐사 발견,Social
쓰레기 줍다 심장멎어 숨 헐떡   대 공공근로자  시민 심폐소생술로 살렸다,Social
보훈부  정율성 기념사업  중단 시정 권고에 광주시  위법사항 없다  지속 추진 ,Social
후임에게  겨털  먹이고 라이터로 해병대 출신   세 결국,Social
서울교통공사 무단결근 노조 간부  명 직위해제  전수조사 착수,Social
 포착   여고생인데요  술   담배 사주세요   그럼 신던 스타킹 줘 ,Social
스토킹 신고에 격분  흉기 휘둘러 전 여친 아들 살해한   대 징역   년,Social
변협    대 대법원장 후보    일 공개 추천할 것 ,Social
 스브스픽   현실판 더 글로리  표예림 결국 숨진 채 발견,Social
서울시 수돗물 수요 늘어난다 아리수  천억 들여 정수 강화 종합 ,Social
세종시 시내버스 무료화 가시밭길 예고 시의장  우려 많다 ,Social
조규홍  의사 수 확충 강한 의지로 추진 공공의대 검토 신중해야 ,Social
그간 국방부 뭐했나   이예람 이후 군 성범죄 더 늘었다,Social
 엄마 때리지 마세요  옛 애인 아들 살해한   대 항소심도 징역   년,Social
검찰   사건브로커에 정보제공 의혹  검찰수사관 대상 수사 진행,Social
오메가엑스 글로벌 팬  스파이어엔터  허위사실 유포 멈춰야  규탄성명,Social
외국산 돼지고기 섞어  국내산 무한리필  식당업주 영장,Social
  현대중 차기 호위함 입찰 가처분 기각 한화오션  법원 판단 환영 ,Social
 코로나   위기단계  주의 로 하향 연내 결정 ,Social
 쪼개기 후원  구현모 전   대표  횡령 혐의 벌금    만원,Social
 딱 걸렸다  청주 돼지고기 무한 리필집서 원산지 속이고 수년간 장사,Social
이스라엘 여행객    여명 귀국  길가에 탱크 줄 서 ,Social
사건 브로커에 돈 받고 수사정보 흘린 검찰 수사관 강제수사 종합 ,Social
한동훈  한국형 제시카법 이달 중 입법 예고 ,Social
이동관     민영화 언급하고  공영방송이 무슨 금자탑인가 ,Social
   전북교육감  동료 교수 폭행 의혹  재판 위증 혐의 이귀재 교수 압색,Social
보트 위에서 냄새 맡다  왈   수난탐지견 파도 규리  실종자 또 찾았다,Social
 조폭 저격  유튜버  너클 낀 일당에 피습 알고보니 안양 조폭 신입,Social
대학병원 인턴  마취환자 성추행 사건  대법원으로,Social
대구  신청사 건립사업에  부지매각  방침 재확인 여론조사 결과 발표,Social
   규탄 농성  송영길   개월 동안 압수수색    번 소환도 못해 ,Social
보훈부  정율성 사업  중단 권고에 광주시  위법 사항 없어 ,Social
 등급으로 넓혀 경쟁 완화  결국 수능이 이겼다,Social
 서울대병원 파업  첫 날      명 참가  응급실 등 유지  종합 ,Social
길가던   대 치어 숨지게 한 뺑소니  승용차 운전자  검거,Social
일산차병원  로봇수술      례 달성,Social
정황근 농식품부 장관  개 식용  이 시점에서 종식해야 ,Social
법무부   한국형 제시카법  입법 추진  고위험 성범죄자 거주 제한한다,Social
 조폭 저격  유튜버 폭행 일당  알고보니 조폭,Social
부대 행사 사라지고 상영작도 줄었다      규모 축소 현실로,Social
조폭 저격 유튜버 결국 보복당했다 너클 끼고 폭행,Social
방영환 택시 노동자 분신 노조 유가족  완전월급제 투쟁할 것 ,Social
닭장에 갇힌 이스라엘 어린이   전쟁 전 촬영  거짓 영상   오마이팩트 ,Social
천안 안서동 대학로  청사진 나왔다,Social
임실군  치즈축제 옥정호 등 인기 관광객 역대 최대 기록,Social
 이 팔 전쟁  둘로 갈라진 지구촌 곳곳서 맞불 시위,Social
 프듀   위  김지성  미코에선  등 올랐다   위 했던 동생은 탈락,Social
돈 벌려고 분양받은 개   마리 영하   도 산에 버린   대,Social
피프티 소속사 대표       그것이알고싶다 서 인터뷰한 관계자 고소,Social
시흥 복합물류센터 신축 현장서    이테크건설 하청업체 소속   대 근로자 사망,Social
 수사권 조정  년 개월  검찰 보완수사 요구     만건 해마다 증가,Social
 쪼개기 후원  구현모 전    대표  벌금    만 원,Social
누렇게 변한 야생생물 보호구역    주민들 제초제 살포 때문 ,Social
 너클  끼고  조폭 저격  유튜버 폭행  안양 조폭 검거,Social
 미화원 채용 알선  수억원 받은 광주 지자체 노조위원장 구속기소,Social
지하철      호선 노후 전동차 새 전동차로    칸 교체,Social
피프티 소속사 어트랙트   그알  내부관계자 인터뷰이 허위사실 적시 명예훼손으로 고소,Social
율동으로   년치 월급  여성 너도나도  라방 ,Social
경북대병원 파업 첫날  어수선  환자들 하염없이  대기 중 ,Social
 수의사 남친 에 임신사실 알리자  사실 유부남 ,Social
이균용 낙마에 김영훈 변협회장  대법원장 후보 공개추천 ,Social
 분 지각했다고 고  학생 뺨 때리고 목 조른 교사,Social
 땜질식 처방 안 돼  농어촌특별세 폐지되면  조    억원 사라져,Social
수원 전세사기 피해신고   건 접수 피해액   억,Social
직장 어린이집 설치 의무 어긴 기업 서울에   개  제로 로 만든다,Social
지하철 개찰구 통과 때  어르신 건강하세요    어르신들 뿔났다,Social
교통유발부담금  위 제주월드컵경기장    억 추산    위는 ,Social
피 흘리는 아내 방치하고 테니스 치러간   대 남편  유기죄만 적용,Social
임신했다는 말에  내 애 맞아  아내가 곧 출산한다 는 수의사 남친,Social
 대선 허위 녹취록  정황 포착 김병욱 의원 보좌관 기자 압수수색 종합 ,Social
최용규 변호사  총선출마 회견  포항 더 큰 미래 열겠다 ,Social
부산세관  담배   만갑 밀수출 조직 적발 대상국과 가격 차    배,Social
 임영웅 표 팝니다    년생 민증에 속은    명      만원 뜯겼다,Social
검찰  이정근 선거법 위반 혐의 징역  년 개월 구형,Social
  활어차 부산항 입항 매년 증가   방사능 검사 차량은  대 중  대,Social
음주운전 적발된 몽골 외교관  면책특권으로 처벌 피해,Social
해경  백령도 불법조업 중국어선  척 나포      척 퇴거 조치,Social
서울대병원 노조  무기한 파업 돌입  검사 언제 할 수 있을지  진료 차질,Social
 단독  업무협의  위해 금감원 출입하는 대형 로펌 변호사들 투명성 제고 목소리,Social
 쪼개기 후원  구현모     대표  횡령  심 벌금    만원,Social
조규홍 복지장관      년 의대 증원 노력 공공의대 설립엔 신중 ,Social
검찰  대선보도  명예훼손 혐의 기자 야당 의원 보좌관 압수수색,Social
쓰레기 줍다 심장멎은   대 공공근로자 긴박한 응급처치로 소생,Social
 단독  최근    년간 교원 추락사  명     원인 밝혀내야 ,Social
 학폭 피해 폭로  표예림  극단 선택 전 경찰 조사 앞둬,Social
후임에  겨털  먹인 해병대 예비역 벌금    만원,Social
양육비 안 주는  나쁜 아빠  첫 형사재판 열려  검찰  징역  개월 구형,Social
 지각했다 는 이유로 교사가 학생 목 조르고 뺨 때려 전치  주  혐의 인정 ,Social
 대강 정책 두고     행정 폭거         소모적 논쟁 그만      국감 ,Social
김동연  경기청년 기회사다리금융 출시   통장 전달식  행사,Social
 임금체불  분신 택시기사 유족  월급제 도입  책임자 처벌해야 ,Social
 더 글로리  현실판 주인공  숨진 채 발견 유튜버와 고소전,Social
수원 전세사기 피해 확산   명    억 규모,Social
대구시민 다수  대책없는 신청사 이전 원치않아 ,Social
의정부 호원초 교사 유족  학부모  명 고소,Social
변협  대법원장 후보 공개 추천 재개   일 발표 ,Social
 떡볶이에 머리카락  사장님만 보이게 올린 사진 리뷰  숨은 사연은 ,Social
 단독  경찰도 환호했다는 그 기술  치매 실종자      수색   가 대신한다,Social
피해 신고만    건  수원 전세사기  집중 지역에 현수막 건다,Social
 쪼개기 후원  구현모 전    대표에 벌금    만원 추가,Social
들불처럼 번지는  가을 독감  학원가에 다시 등장한  일회용 마스크 ,Social
음료 들고 버스 타려다 거절당하자 길바닥에 던진 승객 논란,Social
실적 시즌 온다  분기 제약바이오 호실적 기대,Social
소아 환자 봐줄 응급실 부족 도착해도 문전박대   분뉴스 ,Social
외국산을 국산으로  돼지고기  년간 속여 판 식당 주인,Social
좌회전  킥보드 여학생  피하다 트럭 전복 여학생은 도망 공분 영상 ,Social
대구시  시민     시청 신청사 건립 보류 의견  여론조사 결과,Social
이원석 검찰총장  교사 정당한 지도는 아동학대 아냐 ,Social
한동훈  인사정보관리단  기계적 자료 수집만 판단은 대통령실 ,Social
   년 전 부마민주항쟁의 기록을 찾습니다 ,Social
부마민주항쟁 때 물고문 보상금 받았어도  정신적 손배소  가능하다,Social
웅진씽크빅 그림책  친구의 전설   가족 뮤지컬로 재탄생한다,Social
 수원 전세사기 의혹  피해 신고    건 하루 새   건 늘어 종합 ,Social
빚내 신청사 건립 안돼 시민 여론 재정 대책없는 신청사 건립 압도적 반대,Social
모텔서 신생아 창밖으로 던져 살해한   대 친모 구속,Social
담배 사주고 청소년에  스타킹 달라  나쁜 어른들 무더기 적발,Social
 잘 지내니  헤어진 연인에    차례 문자 보낸   대  구속 ,Social
 전세사기 깡통전세 피해자      정부 대책 도움 못 받아 ,Social
한동훈  인사검증 질의에  법무부는 기계적으로 자료 수집 ,Social
혼자 귀가하는 아동 노린   대 최후 과거에도 성범죄 전력  ,Social
성인 남성이 여고생에  술 담배 사줄 테니 신던 스타킹 달라 ,Social
검찰   위증 혐의  전북대 이귀재 교수 자택 등 압수수색,Social
변협  대법원장 후보 공개 추천 재개   일 명단 발표 ,Social
 김건희 논문  의혹 증인  명 다 불출석     동행명령 발부해야 ,Social
    년 그대로인 의대 정원 보건복지부      년에 확대 ,Social
불법촬영 매년     건 관악구 모텔 카메라에 찍힌 피해자    명,Social
 늦잠 잤습니다  뭐가 잘못됐나요   학생은  분 늦었고  교사는 뺨을 때렸다,Social
 결국 뇌사  쓰러진 아내 두고 테니스 치러 간 남편 유기죄만 적용,Social
     만원 영어유치원  다음은   세 고시 에 내몰린다,Social
보훈부  정율성 사업  중단 권고   광주  위법 없다  거부,Social
무단횡단 보행자 치어 숨지게 한 운전자  명 무죄 이유는 ,Social
민주당 원주을 지역위원회  아카데미극장 갈등 해결 촉구 성명,Social
 청주가 캠핑 성지로  코베아  축구장   개 크기 명품 캠핑장 만든다,Social
국내산 돼지라던 무한리필 식당 수입산 섞었다,Social
옥순은 영숙을  명예훼손 으로 고소할 수 있을까 궁즉답 ,Social
대구 시민   명 중  명  유휴부지 매각해 신청사 재원 마련 ,Social
질병청  코로나   위기 단계  주의 로 하향 시점 연내 결정 ,Social
국제결혼 베트남   아들과 중앙선 침범 차량에 참변,Social
 남들  년 번 돈 하루에 다 써  손녀 돈자랑에 부정축재 들킨   퇴직간부,Social
외국산 돼지 국내산으로 속여 판 무한리필식당 사장 구속영장,Social
 난 잘못 없다   극단선택  표예림이 지목한 유튜버  입장문 보니,Social
백령도 인근 해상서     침범해 불법조업 해경  중국어선  척 나포,Social
 단독  불량 의사  실형 받고도 진료 면허 뺏는데    일 걸린다,Social
킥보드 피하던 트럭  끼익  쾅   그냥 가려다  어디가   소리에 ,Social
 르포   폭격 중단하라   광화문에 모인  팔레스타인 지지자들 ,Social
수난탐지견 파도 규리  남한강서 실종된   대 남성 찾았다,Social
 늦잠 잤다 는 말에 격분  분 늦은 학생 목 조르고 폭행한 교사,Social
 단독   년 전엔 난리치더니  학대 아동 보호  약속 안지키는 정부,Social
서울억새축제   일 시작 하늘공원  일간 야간 개방,Social
여고생 킥보드 피하려다 트럭 전복 학생은 그냥 가려 했다  영상 ,Social
부산 교차로서    트럭 승용차와 충돌 후 전도  명 경상,Social
한동훈  인사검증 부실 지적에  기계적 자료 수집만   판단 안해 ,Social
경남 단감 주산지 농민들 울상 탄저병 확산에 생산량  뚝 ,Social
 피프티  소속사 대표   그알 서 인터뷰한 관계자 고소,Social
 지그재그 음주운전  몽골대사관 외교관 적발   음주측정 거부,Social
헤어진 연인 폭행 말리던 아들 살해한   대 징역   년,Social
과학 유튜버  궤도  겸직금지 어겨 수억원 벌고  잘 몰랐다 ,Social
 이탄희  비리 경제인 사면 참담  한동훈  대통령 정치적 결단 ,Social
해양진흥공사      지분매각에 산은과 입장차 없다 ,Social
 보궐선거  강서구청장 오후  시 합산투표율       직전 지선보다 낮아,Social
안성 물류센터 신축 공사장서   대 작업자 추락해 숨져,Social
 제주대에    억 쾌척  재일제주인 사업가 김창인 회장 별세,Social
법원  학생연구원 인건비  억 빼돌린 경북대 교수 보석 허가,Social
육군   보병사단  백룡     완전작전  유공자 격려 행사 실시,Social
 뉴 리폿   마지막 비행기  소문 돌았다 이스라엘 여행객    명 귀국,Social
영어유치원비 월평균    만원  세종이  위,Social
 음주 후 난폭운전  몽골대사관 외교관 붙잡히자  면책특권 ,Social
교육감님과 교육계에 드리는 호소 유보통합을 말하다 ,Social
      국감 한동훈  법무부는 인사 자료 수집 역할만  가부 판단 안해 ,Social
사건 브로커에 돈 받고 수사 정보 알려준 검찰 수사관 강제수사,Social
여고생에 술 담배 대리구매 신던 스타킹 요구한  ,Social
 금메달 주역     축구 국대들이 압구정 클럽에  영상 퍼져,Social
이스라엘서    명 귀국  훈련인 줄 알았다 ,Social
스토킹 피해 호소했던 표예림  지목된 유튜버  잘못 없다 ,Social
  표예림씨  극단 선택 전 무더기 고소 당했었다,Social
 수수료 로 신던 스타킹 양말 달라  청소년 술담배  댈구 한 나쁜 어른들,Social
검찰   선거법 위반  이정근에 징역  년  개월 구형,Social
과학 유튜버 궤도  겸직금지 규정 어겨 정직 처분,Social
    대선 허위보도 의혹  민주당 김병욱 의원실 보좌관 등 압수수색,Social
 단독  질병청   오염수 보고서 공개  전문가 의견 뭉갰다,Social
 이시각헤드라인    월   일 뉴스현장,Social
 와주라  공정방송     지켜주라        시민주주운동 시작,Social
임신 알렸더니 수의사 남친  내 애 맞아  사실 나 유부남  돌변,Social
      국감 코로나   위기단계 경계 주의 하향 시점  연내 결정,Social
극단적 선택 표예림씨  폭로 후 고소만  건 당해,Social
 사람이 먼저인데 규정 어기는 개플루언서  짜증  승무원 고충 견주  허위  반박,Social
코로나  경계 에서  주의 로 하향  질병청  올해 안에 결정,Social
연인 폭행 말리던  살 아들 살해 후 납치 강간까지 시도한   대 ,Social
제주 유명 식당 대표 살해 주범   공범에 항소심 사형 구형,Social
 단독 김행  또 거짓해명   잘 모른다 던 기업 이끌며 넥서스투자서 수억원 유치,Social
 천장 뜯었더니 고인 물이 우수수    년 된 정부서울청사 누수,Social
표예림 극단 선택 사망 촉법나이트  끝까지 가해자들 추적해 지옥 보낼 것 ,Social
검찰   대선 가짜뉴스  연결고리 찾았나,Social
 늦잠 잤습니다    분 지각한 학생  목 조르고 뺨 때린 교사,Social
온라인 도박 늪 빠진 청소년 상담 줄줄이    중독 괜찮을까 ,Social
  정부 통계조작 의혹  표본조사 설계 통계청 직원 참고인 조사,Social
 김동연표 슈퍼통장  경기청년  만명에 저리 대출  저축시 우대금리,Social
박범계   출장비 축소 논란에  심심한 유감    축소할 이유 없어 ,Social
음주운전 차량에 손수레 끌던   대 여성 치여 숨져,Social
 음주운전 의심  몽골 외교관  면책특권으로 처벌 불가 사건 종결,Social
한화진 환경 장관   라돈 침대  지자체와 분산 매립 협의 중 ,Social
전세사기 피해자  명 중  명  막다른 골목 ,Social
 장애 영아 살해  혐의 친부모 외조모  첫 재판서 혐의 부인,Social
 단독  비대면진료 초진 장애인 환자  시범사업 한달 만에     줄었다,Social
이원석 검찰총장  교권회복  법 취지 충실히 반영할 것 ,Social
 맨발의 디바  가수 이은미  대구가톨릭대 석좌교수로 임용,Social
 표예림이 지목한 유튜버  난 잘못없어 모욕시 엄단할 것 ,Social
 순금        황금박쥐상  예산  억원 들여 보금자리 옮긴다,Social
 늦잠 잤습니다 에 격분  분 지각  고  뺨  때린 교사  경찰 조사,Social
검찰   선거법 위반  이정근에  징역  년 개월 벌금    만원 구형,Social
  일 치르는 마지막 학평  수능 긴장 면역력  키울 기회 삼아야,Social
내설악 단풍도 즐기고  꽃도 보고 인제가을꽃 축제 연장된다,Social
 학폭 폭로  표예림씨  극단 선택 전 유튜버와 고소전,Social
고속도로 커브길 달리던     화물차 전도   대 운전자 사망,Social
 택시노동자 위한 아버지 뜻 잇겠다  유가족 눈물 속 다짐,Social
검찰   선거법 위반  이정근 징역  년 개월 구형,Social
 나는 고통을 모른다  그저 사랑하고 있다 ,Social
 길바닥에 음료 냅다 내동댕이  버스 탑승 제지에 승객 행패,Social
학폭 폭로 표예림씨  극단적 선택 전 모욕 등  건 고소 당해 종합 ,Social
방심위  뉴스타파 의견진술 듣는다  인터넷 보도 심의  호,Social
      국감  인사정보관리단 부실 검증 논란 한동훈  과거에도 비슷 ,Social
지자체가 먹튀   국비 지원 받고  사업 운영은 안해 ,Social
논산시 육군병장봉사단 발대식 개최,Social
철문 걸어 잠그고 도주 중국 어선  해경  절단기 동원 나포,Social
피 흘리며 쓰러진 아내 뇌사 사진 찍고 테니스 치러간 남편  죄목은,Social
 경찰병원 아산분원 예타 면제 돼야 ,Social
 엮이기 싫어서  피 흘리는 아내 두고 테니스 치러 간 남편,Social
검찰  이정근에  선거법 위반  혐의로 징역  년  개월 구형,Social
 여신도 성폭행      정명석  법관기피 즉시항고 기각에 재항고,Social
 킁킁  물속    까지 냄새 맡는 수난탐지견  파도   규리    대 실종자 찾았다,Social
 지옥 보내겠다   표예림 가해자 신상     에 확산,Social
울산 영어유치원 교습비 월    만원  년간 매년 증가,Social
복지장관  의대정원     년 입시부터 확충 노력 ,Social
김행  민주당 배임 고발 환영 퇴직금 준 것일 뿐 ,Social
도박에 돈 잃자 이웃  명 살해했다   대 중국인 무기징역,Social
시흥시  배곧 월곶 잇는 연결교량  해월교  오늘부터 정식운영,Social
        날 신고해   옛 애인 아들 살해한 남성   심도 징역   년,Social
피 흘린 채 쓰러진 아내 두고 운동 간 남편  유기 혐의  검찰 송치,Social
흡연 음주 질병 앓는   대 환자   명 중  명꼴  여성 ,Social
복지장관      년 의대 정원 확대 계획 공공의대 설립은 신중해야 ,Social
대리점 거래 끝나면 보증금 바로 돌려줘야 표준계약서 개정,Social
 어린 자녀 꼭 끌어안은 아빠  이스라엘 체류 한국인    명 귀국,Social
한동훈  한국형 제시카법 이달 중에 입법 예고할 것 ,Social
사학재단 이사장도 빼먹은  나랏돈    명 검거   억 적발,Social
경기도 청년 위한     억원 규모 금융정책 상품 나왔다,Social
성폭행 혐의 정명석  법관 기피 신청 항고 기각 되자 재항고,Social
경남은행 횡령 공범  베트남으로 도망가다 출국금지에 딱 걸렸다,Social
 사장님      원 꼭 갚을게요   초등학생이 카페 사장에 건넨 편지  따뜻했슈 ,Social
방심위  인터넷 언론 첫 심의는 뉴스타파 의견진술 결정,Social
음란물 못 끊은 성범죄자들 치료감호 중에도 수개월간 돌려봤다,Social
익산 도심 속  배산공원  익산시가 매년 수억원 대 임대료 내고 쓰는 사연은 ,Social
걸어서  화산섬 제주  속으로        일 지질트레일 열려,Social
전북대  전공 칸막이 없앤다 글로컬대학   사업으로 학생 중심 대학 실현 선언,Social
경남 김해  가야사 바로세우기  후끈 ,Social
  분 지각했다고     학생 목 조르고 뺨 때린 대전 교사,Social
 영상 대전서 여고생 탄 전동킥보드 피하려다 트럭 전복  사람 하나 살렸다 ,Social
킥보드 여고생 피하려다 전복된 트럭  학생과 부모가 물어줘야 ,Social
 맨발의 디바  이은미  대구가톨릭대 석좌교수로 임명,Social
   이정근에  선거법 위반  혐의로 징역  년 개월 구형,Social
 단독   수원 전세사기  의혹 임대인  이미  월에 부동산 가압류,Social
광주시   정율성 기념사업 위법 사항없어 ,Social
무릎 꿇고 검찰 규탄한 송영길  더 이상 압수수색에 당하지 않겠다   뉴시스    ,Social
우대 금리 저축 대출을 한 통장에    경기청년 기회사다리금융  출시,Social
  천 억 벌었다  김종인 주진형 주식투자 사칭광고  전문가도 클릭    속았다,Social
느림의 미학  가을 문학관 에서 놀면서 배우다,Social
방통위  공석된     이사에       왜곡  전 월간조선 기자 추천,Social
원자력연  전기차 폐배터리 친환경 재활용 기술 개발,Social
질병청   오염수 용역보고서  비공개 논란    고의적 누락 ,Social
제주 유명식당 대표 살해 주범 공범에 항소심도 사형 구형,Social
복지부 국감서 여야  문재인 케어 의료 불균형  공방,Social
부산 기장에 국내 최대 규모  반려동물 테마파크  조성,Social
성범죄자 거주지 제한한다 한동훈  한국형 제시카법 이달 입법예고 ,Social
조타실 폐쇄한 철문 절단기로 강제개방 불법조업 중국어선  척 나포,Social
변협  대법원장 후보자 공개추천 재개키로,Social
 기껏 분리수거했는데 또 섞였다      억 낭비한 환경부,Social
 중국 연간 신생아 수     만 명 선 유지될 것 ,Social
  현대   보안사고에 날아간 호위함 수주 불복 가처분도 기각,Social
톱텍  구미에 이차전지 제조라인 신설    억 투자,Social
 버스 음료 안돼요  제지하자 길바닥에  퍽  내동댕이  글 글 ,Social
가상자산 사기 수사 청탁   대 구속,Social
        분홍 상의   검정 바지  문자 발송   분 만에 택시기사  눈썰미 ,Social
보은 봉계터널 폐쇄 석 달 주민들  한쪽이라도 열어달라 ,Social
경북 올해 사망자만   명   야생 진드기 조심,Social
 눈덩이 전세사기  사태 수원시  상담센터 긴급주거 지원 ,Social
쓰러진 아내 두고 테니스 치러 간 남편  유기죄 로 송치,Social
  분 지각  학생 목 조르고 뺨 때린 교사  경찰 조사중,Social
 죽을 줄은 몰랐다  모텔서 낳은 딸 쇼핑백에 담아 던진 비정한 엄마,Social
인터넷언론사  뉴스타파  최초 심의  조항 적용부터 공방 치열,Social
 월 울산 아파트 경매 건수 줄고 낙찰가율 올라,Social
 코로나    경계 주의  하향 시점  올해 안 결정 ,Social
 조폭 저격  유튜버 폭행 일당  안양 조폭으로 확인,Social
 김건희 표절 의혹  결과도  설명도 못 내놓는 대학 릴레이  줄행랑 ,Social
  분 지각  이유로 학생 뺨 때린 대전의 고  교사  아동학대 신고,Social
 보궐선거  강서구청장 오후  시 합산투표율       직전 지선보다 낮아,Social
 효도할 수 있게 선처 부탁    인천서     명 살해  협박글 올린   대 최후진술,Social
너클 끼고  조폭 저격  유튜버 폭행한 일당   정체 밝혀졌다,Social
검찰  이정근에  선거법 위반  혐의로 징역  년  개월 구형,Social
연구실 안전사고  급증  윤석열 정부는 안전예산 수십억  삭감 ,Social
표예림 사망에 카라큘라  내 모든 것 걸어 책임 묻겠다  가해자 응징 예고,Social
정율성 사업 중단하라는 보훈부 권고에 광주시  위법사항   ,Social
고위 공무원 출신   대 남성 실종 사흘 만에 숨진 채 발견,Social
 스토킹 신고해서  전 여친  세 아들 살해한   대  항소심도 징역   년,Social
 국산 담배 가격  배 이상  합판에   만갑 숨겨 호주로 밀수 시도한 일당,Social
 학폭 피해  폭로한 유튜버 표예림 부산서 숨진채 발견,Social
엄동설한 산속에 개   마리 유기한   대  심 형량은 ,Social
전북      충남     부족 지방 국립대병원 전공의 인력난 심각,Social
 전세사기   가구 중  가구만 피해자로 인정 특별법 개정 필요 ,Social
현실판  더글로리  표예림씨  극단적 선택 전 다수의 고소로 경찰조사 앞둬,Social
영어 유치원 교습비 월    만원    세 고시  레벨테스트 경쟁도 치열,Social
학폭 고발 표예림씨 극단선택 전 명예훼손 등 고소 당해,Social
 제주대    억 쾌척  재일제주인 사업가 김창인씨 추도식 열려,Social
 단독  소각장서 안타는 쓰레기 먼저 빼내자      억원 경제효과,Social
점심시간 쪼개 새 강서구 일꾼에  한 표  사원증 맨 직장인 대거 투표,Social
변협  새 대법원장 후보 공개 추천하겠다 ,Social
창원 마산만 쪽 해안에서 올해 첫  정어리 떼 폐사  발생,Social
검찰  이정근에  선거법 위반  혐의로 징역  년 개월 구형,Social
 우대 금리로 저축 대출 지원    경기청년 기회사다리통장  출시,Social
 정부 지원대책 이용한 전세사기 깡통전세 피해자     불과 ,Social
 살해 아닌 낙태   장애 영아 살해  혐의 부인한 부부,Social
경기도  전국 최초 청년금융 지원  기회사다리통장  출시   도전 재기 기회제공,Social
과학 유튜버 궤도   겸직 금지  위반하고 외부활동 수익 정직 처분,Social
 왜 의사들만 임금 올리나  서울대병원 보라매병원 파업 돌입,Social
조규홍   의대정원 증원      학년도 입시 반영 규모 협의 중  종합 ,Social
이스라엘 단기체류    명 귀국    무사해서 다행 ,Social
    억 떼였는데 소득 높다고 보상 없다  수원 전세사기 피해 삼성맨  울분 ,Social
 양평고속도로 사무처리 부적절   양평군민  경기도에 주민감사 청구,Social
광주 서구 억새축제  일간   만명 다녀가 도심 속 힐링축제로 자리매김,Social
재인폭포를  미디어파사드 로 가을밤 수놓는 빛의 향연,Social
  오염수 보고서  제출 누락 논란 질병청  숨긴 것 아냐  종합 ,Social
민주당   부실 인사 검증  책임론 부각 한동훈  기계적 자료 수집 ,Social
 프레스룸     이슈      아이   에 똥 묻어 가슴 아파 ,Social
한동훈  인사검증 부실 논란에  법무부는 자료 수집만 적격 여부 판단 안 해 ,Social
한동훈  이균용 검증 법무부가 했다  비상장주식 알았는지는 말 못해 ,Social
스토킹 신고 옛 애인 아들 살해한   대 남성   심도 징역   년,Social
한동훈  한국형 제시카법 도입방안 이달 중 공개 및 입법예고 ,Social
혹한 속 야산에 개   마리 유기한   대   심 집행유예,Social
초유의 사법부 수장 공백에 변협    일 대법원장 후보 추천할 것 ,Social
아프간 북서부 헤라트에서 또 규모     강진 두차례 여진도 종합 ,Social
김해중앙병원  사실상 전면 진료 중단,Social
 성범죄자들  치료감호 중에 음란물 돌려 봤다 관리감독 부실 ,Social
 프레스룸         스테이션  나경원  하태경 결정 비난한 홍준표 해당행위 ,Social
또 달라지는 대학입시 선택과목 없고 내신  등급제  친절한 뉴스  ,Social
 단독  시민단체  국회에 허위 출장비 내역 제출한 박범계 추가 고발,Social
 프레스룸                하마스  살해 인증숏 올렸다   오토바이 지나자 펑  명 중경상   피해 영상만    만 개      원 속 이순신 사라질까,Social
코인  억 빚 들통 이혼하자니  절반 책임지라 는 남편,Social
후임에게  겨털  먹인 해병대 예비역     만원 벌금형,Social
검찰     허위보도 의혹  김병욱 보좌관 언론사 압수수색 종합 보 ,Social
한글날 올림픽대로서 곡예운전자 체포  음주운전  의심되지만 처벌불가 왜 ,Social
한동훈  한국형 제시카법 이달 중에 입법예고 할 것 ,Social
이균용 낙마에 변협  대법원장 후보    명 추천할 것,Social
 뉴스  뉴스  흔들리는 공수처 이대로는 안 된다 ,Social
부산 기장군에 국내 최대 규모  반려동물 테마파크  조성,Social
 프레스룸     오 궁금 앵커브리핑  보선 본투표 한동훈 국감   사망      명 무사히 귀국   수능 강남 특목고에 유리 ,Social
 피가 뚝뚝  뇌사 상태 아내 두고 테니스 간 남편  유기죄 적용,Social
 자막뉴스  중고 거래 제품에   급 발암물질    충격적인 실태,Social
통장 하나로 저축 대출 경기도   경기청년 기회사다리금융 통장  출시,Social
한동훈  인사정보관리단  기계적 자료 수집만 판단 안 해 ,Social
  이영승 교사  사망 직전까지  제 의 학부모 민원 에 시달렸다,Social
광주시  보훈부 권고 불수용  정율성 사업 위법 사항 없어 ,Social
언론노조    지부  시민주주운동  와주라  참여  호소,Social
 대선 허위보도 의혹  김병욱 의원 보좌관   기자 압수수색,Social
모텔서 낳은 딸을 창밖으로 던진 엄마 구속 기로,Social
 음주운전 의심  몽골대사관 음주 측정 요구엔  면책특권 ,Social
한강 한복판서 울려퍼진   오염수 해양투기 중단하라 ,Social
몽골대사관 외교관 음주운전 적발  면책특권  주장하며 측정 거부,Social
 난폭   음주운전  몽골 외교관 적발 음주 측정 거부,Social
김승남      년산 쌀 목표가격    당   만원으로 상향해야 ,Social
 한국인은 밥심이다  조용익 부천시장  직영 구내식당서 배식하며 애로사항 경청,Social
    지분 매각에 소액주주운동 파열음 일으킬까,Social
피흘리는 아내 두고 운동하러 간 남편 유기죄 적용,Social
 킁킁  물냄새 맡더니 남한강 복판서 실종자 찾아냈다 수난탐지견 놀라운 활약,Social
    서거석 교육감 폭행 의혹  위증 혐의 이귀재 교수 자택 등 압수수색,Social
경기도  도내 청년 위한 금융상품  경기청년 기회사다리 출시 ,Social
최민호 시장  직원소통의 날 미래전략수도 세종 강조,Social
 음주운전 의심  주한 몽골대사관 외교관 적발 음주 측정 거부,Social
 안 뜨는 비행기 많아 남은 교포 걱정     명 인천 도착,Social
파업 첫날 경북대병원 큰 혼란 없었지만 어수선한 분위기,Social
광주시  보훈부 권고 불수용  정율성 사업 위법사항 없어 ,Social
 이 목소리입니다  피싱범   명 음성 공개,Social
 한빛원전    호기 수명연장 절차 졸속  대책 마련하라 ,Social
국가보훈부 광주시 샅바싸움 기념사업 중단 촉구    시정명령 수용 불가,Social
올림픽대로서 난폭 운전한 몽골 외교관 음주측정 요구에  면책특권 ,Social
  년 만에 변화 기로에 선 제주들불축제   오름 불놓기  더이상 볼 수 없다,Social
 대선 전 허위보도 의혹  민주당 보좌관 기자 압수수색,Social
경남경찰청  국고보조금  삥땅  친   명 검거   부정수급   억원 훌쩍,Social
서울대병원 노조  오늘부터 무기한 파업  인력 확충 등 요구,Social
강서구청장   시 투표율       시장 보궐선거 근접,Social
 현실판 더 글로리  표예림  극단적 선택 전에 경찰조사 앞뒀다,Social
    보궐이사에 이동욱 전 월간조선 기자,Social
경북대 서울대병원  무기한 파업 돌입  인력확충 임금인상 요구 ,Social
검찰  윤석열 명예훼손 사건 민주당 보좌관 등 압수수색,Social
대법  부마항쟁 보상금 받았어도  정신적 손해 위자료 받을 수 있어 ,Social
광주광역시  보훈부의 정율성사업 중단 권고 불수용 ,Social
혐오표현  검열만큼은 안 된다 표현의 자유로 맞서야,Social
변협  대법원장 후보   일 공개 추천  오석준 이종석 홍승면 포함될 듯,Social
 아빠 누군지 몰라  모텔서 딸 던진   대  모습 드러냈다,Social
호남 유권자         새 얼굴 뽑겠다   총선 물갈이 여론 가장 높아 ,Social
무단횡단 행인 사망사고 운전자들 무죄 법원  과실 증명 안돼 ,Social
김영훈 대한변협회장  대법원장 후보자 공개추천할 것 ,Social
학폭 피해 폭로 유튜버 표예림씨  극단적 선택 전 고소 당해,Social
이스라엘서    명 귀국  훈련인 줄 알았다 ,Social
 표예림 죽음 내몬 장본인 있다  지목된 유튜버  잘못 전혀 없어 ,Social
공인받지 못한 세월호 진상규명  언론 탓 컸다,Social
수원 전세사기 삼성맨     억 떼였는데 소득 높아 보상 없답니다  투덜,Social
 강서구청장 보궐선거   미니 총선        이른 아침부터 한 표 행사,Social
 귀신나올법한 폐허 모텔 에 예술이 들어섰다,Social
출입카드 기록만으로 연장근로수당 지급하라고요 ,Social
서울에서 벌어진 공무집행 방해    은  술 마시고  강간  살인은    ,Social
 직원 명단 공개하라  판결에 항소한 대통령실    의심 짙어진다  그 정보가 알고 싶다 ,Social
 단독  뺑소니 사망사고  오리발    대   완벽한 증거에  사람인줄 몰랐다 ,Social
무자비한 정부     잔인한 시대 가 또 시작되었구나  소셜 코리아 ,Social
퇴근후 휴대폰으로 산업안전교육 시청  공식 근로시간일까,Social
인권위  구직등록 착오 외국인 강제출국  인권침해 ,Social
 이시각헤드라인    월   일 뉴스센터  ,Social
믹솔로지 열풍에 여름 한정판 카스 레몬도    만 캔    카스  위 수성엔 이유가 있다              ,Social
경기도 청년 위한  기회사다리통장  출시 저축 대출 한통장으로 해결,Social
변협  대법원장 후보 공개 추천 재개   일    명 발표 ,Social
현 중  대상 대입 개편에 고교 입시 앞둔 중 도  고심 ,Social
   오염수 너희가 먹어라  국민의힘 고양시의원  행사 중 폭행당해,Social
경총  월급보다 많이 받는 실업급여 재취업 의지 떨어뜨려 ,Social
 외국인 근로자 과실 없이 체류자격 불허는 인권 침해 ,Social
검찰  대선 허위보도 의혹   김병욱 보좌관 기자 압수수색 종합 ,Social
 동연쓰 로 부르고 반말하고  경기지사  청년과  스레드  소통 눈길,Social
 돈봉투건 소환  다급했나  송영길  이번엔 검찰청 농성,Social
 단독  권순일 화천대유 고문 당시 운전기사도 제공했다 ,Social
 물속 킁킁  실종   대  찾았다 전국 딱  마리 수난탐지견,Social
 노조활동  핑계로 출근 안하고 월급만 받아간 서울교통공사 노조간부들   결국 직위해제,Social
인천 고속도로 건설 물량     년까지   조 달해,Social
시가   억원 상당 담배   만갑 합판 속에 숨겨 밀수출하려던 일당 적발,Social
한동훈  성범죄자 주거 제한  한국형 제시카법 이달 입법예고 ,Social
감사원  한국가스공사  휴가 받으러 시간 외 허위 입력   해외 출장비도 과다 지출 ,Social
남한강서 실종된   대 수난탐지견  파도 규리 가 찾았다,Social
화력발전소   곳 중  곳 대기오염 측정 결과는  허위      국정감사 ,Social
 차 빼달라  점주 요청에 편의점 입구 막고  보복주차  대체 왜  여 저  ,Social
 호주서 팔면  배  합판에 담배   만 갑 숨겨 밀수출 시도한 일당,Social
 영상   담뱃값 가장 비싼  호주로 담배 밀수출 시도한 일당 붙잡혀,Social
특수제작 합판에 숨겨 영국산 담배 호주 밀수출    담배 밀수왕 의 최후,Social
김영훈 대한변협 회장  대법원장 후보자    일 공개 추천할 것 ,Social
천장 뜯자 고인 물  콸콸    년 된 정부서울청사 누수,Social
서울대병원 노조 무기한 파업 돌입  진료에 큰 차질은 없어,Social
지각했다고 학생 목조르고 뺨때린 교사,Social
 너클  끼고  조폭저격 유튜버 폭행  알고보니 안양 조폭 새 조직원,Social
모든 수험생이 같은 과목으로 수능 시험      학년도 대입 개편안 ,Social
접근 금지에도 전 여친에   일간    회 문자     번 찾아간 스토커,Social
 민원처리 불만  공무원에 흉기 휘두른   대  심서 더 무거운 형 구형,Social
스토킹 신고   아들 살해한   대 항소심도 징역   년,Social
검찰     허위보도 관여 의혹  김병욱 의원 보좌관 압수수색 종합 ,Social
   금리 급등 원화약세 에  월 광주 전남 주식거래대금  급감 ,Social
 단독   무차별 범죄에 효과    용도폐기하더니 기동순찰대 부활 ,Social
 표예림  사망 전 스토킹 피해 언급 지목 유튜버  거짓 ,Social
수원서 대규모  전세사기 의혹  발생 이재준 시장  피해자 지원 올인,Social
 음주운전 의심    대 몽골 외교관  음주 측정 거부,Social
 음료 들고 타면 안 돼요  저지하자 길바닥에  퍽  내동댕이,Social
이스라엘 단기체류    명 귀국    현지 공항엔 출국 행렬 ,Social
 광주 수도요금 왜 두 번 빠져나가    대규모 환불사태 이어질 듯,Social
 앵커리포트  보이스피싱범 목소리 추가 공개 피해 막으려면,Social
 뉴스         호국영웅 끝까지 찾는다    보병사단  의왕 모락산      전사자 유해발굴,Social
중앙정보부 욕했다고 물고문    법원  형사보상 더해 위자료도 줘야 ,Social
신생아 창밖 버린   대 구속심사 질문엔  침묵   포착 ,Social
체감온도 영하   도인데 산에 개   마리 버린 남성 실형,Social
지난해 신축 아파트   곳   급 발암물질  라돈  권고치 훌쩍,Social
 단독 한 번 발급에  만원    의료기관    는        무료 공유 시스템 미가입 국감     ,Social
  분 지각 으로 학생 목 조르고 뺨 때린 교사  학폭위에도  분리조치  없었다,Social
대출이자는 싸게  저축이자는 비싸게   경기도  청년기회사다리 통장 출시,Social
송기헌 의원  극장 철거 충돌 우려 시민과의 대화에 나서 달라 ,Social
조규홍  의대 정원      학년도 증원 준비 규모는 협의 중 ,Social
킥보드 여고생 살리려 트럭 뒤집혔는데 그대로 떠나다  덜미 ,Social
    새기자회  방송 재허가  취소  위기에도 손 놓고 있는 회사 ,Social
추석 연휴 제주 찾은 중국관광객들 면세점에서 돈 안썼다,Social
남한강서 실종된   대 남성  수난탐지견  파도   규리 가 찾았다,Social
송영길   개월간    번 넘게 압수수색하고 소환조사도 못해 ,Social
기존 제품을 새 개발품으로 둔갑 보조금 부정 수급,Social
    대선 허위보도  의혹  김병욱 보좌관 집 등 압수수색,Social
모텔서 딸 낳고 창밖으로 던진 엄마 법원 출석 질문엔 묵묵부답,Social
한동훈  한국형 제시카법 도입 방안 이달 중 발표 입법 예고 ,Social
    을  광주사태 라 한 월간조선 기자      보궐이사로 추천,Social
학폭피해 폭로 유튜버 표예림씨  극단적 선택 전 경찰조사 앞둬,Social
읍사무소 찾아가 흉기 휘두른   대  항소심서도 징역  년 구형,Social
대입 개편에  물 만난  강남 학원가 긴급 입시설명회 잇따라,Social
전남 담양서 실종된   대 퇴직 공무원  사흘 만에 숨진 채 발견  종합 ,Social
담뱃값  배 비싼 호주로   만 갑 밀수출 시도 합판 속에 숨겨,Social
담뱃값 가장 비싼 호주로   억원어치 밀수출,Social
영하   도 엄동설한 수락산에 개   마리 버린   대의 형량,Social
유튜버 궤도  공공기관 재직 중 영리활동 감사원  정직처분 통보,Social
 대선 개입  허위보도 추가 포착 김병욱 의원 보좌관 압수수색,Social
 겨드랑이털 먹어라  해병대 후임병에 가혹행위   대 벌금형,Social
 경기청년 기회사다리금융 통장    일 출시 저축 대출 하나로,Social
 단독  교도소 구치소 수용인원 줄었는데  내부 범죄는 더 늘었다,Social
한동훈  국민 불안 해소 위한  제시카법  이달 중 입법 예고 ,Social
      국감 한동훈  한국형 제시카법 도입방안  이달 입법예고 ,Social
    대선여론조작 의혹  민주 김병욱 의원 보좌관 보도매체 압수수색,Social
최재훈 달성군수  신공항 건설 지역 이기주의에 매몰돼 표류해선 안 돼 ,Social
담양서 실종된 퇴직 공무원 숨진 채 발견,Social
헤어진 연인 폭행 말리던  살 살해한   대  납치 강간 시도까지,Social
 난폭운전  몽골대사관 외교관 적발 음주측정엔  면책특권 ,Social
 오염수로 수산물 소비 위축 없었다 지만    식당은 타격,Social
 재수하면 어떡하나  대입 개편에 중 도 고민 크다,Social
새벽에 음주운전하다 손수레 끌던 행인 치어 숨지게 한   대,Social
탕후루 국감장 등장 예정  단맛 중독성  니코틴과 비슷 ,Social
 가상화폐 투자  미끼   억대 사기 행각   대 구속,Social
내일 고  전국연합학력평가 시행  대구에선 고   만 천   명 응시 ,Social
대한비만학회  탕후루에 열광하는 이유  담배 마약 중독과 비슷 ,Social
 특별한 일 아니고 당연해  군인 위한 가게 또 있었다,Social
주식으로  억 빚진 남편 이혼 요구에  빚도 분할  황당,Social
 구미시대  기업이 뛴다  세계 점유율  위  영도벨벳  산업용 첨단 소재기업으로 변신,Social
세계 최고 비싼 호주 담배   만여갑 밀수 시도 일당 검거,Social
     대  출신 강사 보유하면 가산점    인권위  학벌 차별 ,Social
서울대병원 무기한 파업 돌입  천여 명 참여  의료대란은 없어 ,Social
편의점보다 건설업체가 더 많은 나라,Social
복지장관  공공의대 설립  검토는 하겠지만 신중할 필요 있어 ,Social
임영웅  또 선행 가왕전 상금 소아암 치료비로 기부,Social
 단독  제 인물을 최재경 통화로 조작   대선 허위보도  보좌관 압색,Social
유산 사산 휴가 잘 지킨 사업장   년간 위반 고작  건,Social
  대  스토킹 신고 여성과  세 아들 살해해 징역   년,Social
  분 지각  이유로 교사가 학생 목 조르고 폭행,Social
스토킹 신고에 앙심 전 연인  살 아들 살해   대   심도 징역   년,Social
불법체류 외국인 단속하다 다친 공무원    배 넘게  급증,Social
팍팍한 삶에 뚜벅이족 선택  운전면허 안 따는 청년 늘어,Social
 단독  우울증 진단 받았던 군산 자살 교사  학교 조사서엔 직업성 질병  확인불가 ,Social
  년 된 어린이집 무너졌는데   년 된 노후 어린이집     개,Social
사장님만 보이게 남긴 리뷰  환불은 괜찮다   아살세 ,Social
 줄줄 새는 국고보조금   경남경찰  부정수급 공무원 등 대거 적발,Social
경북대병원 노조 총파업에    여명 참여 의료공백은 없어,Social
 일본 오염수  너희나  먹어  국힘 고양시의원  행사 중 폭행당해,Social
접근금지 어기고  전 연인    차례 스토킹   대 구속,Social
서울교통공사  무단결근 노조간부 직위해제  노조 전수조사,Social
전남교육청  목포 초교 아동학대 신고 교육감 의견서 제출 검토,Social
 나는 솔로  영숙    옥순 불화 생중계     대화 폭로까지,Social
흡연 관련 질병 앓는 여성 청소년   년 새  배로 급증,Social
 성희롱 사과하라 는  동료 말에 책으로 머리 때린   대 교도관,Social
서울대병원분회  의료 필수 인력 확충하라 무기한 총파업 돌입 ,Social
모텔서 낳은 딸 창밖으로 던지고  죽을 줄 몰랐다 는   대 ,Social
지하철      호선 노후 전동차    칸  새 전동차로 바뀐다,Social
인천서 음주운전하다 행인 치어 숨지게 한   대 조사,Social
 토크와이드  수술실      의무화   실효성은   의문 ,Social
피 흘리는 아내 두고 테니스 치러 간 남편 송치 유기죄만 적용,Social
 늦잠 잤습니다   분지각 학생 뺨 때리고 폭행 교사 분리조치 없어,Social
아내 몰래 가상화폐로  억원 빚진 남편  이혼 요구에  빚도 나눠야 ,Social
             관동대학살 기록 없단 건 거짓말  일본 정부에 일침 날린 일본 영화감독,Social
고속도로 커브길서   톤 화물차 넘어져 운전자 사망,Social
유치원에서 뭘하길래 교습비가 평균    만원  월급 맞먹는다,Social
 부산항 입항 일본 활어차  방사능 검사  대 중  대꼴 ,Social
담양서 실종된   대 퇴직 공무원  사흘 만에 숨진 채 발견,Social
술 담배 대신 사다 준 남성 여고생엔  신던 스타킹으로 거래 가능 ,Social
안성 물류센터 신축 현장서   대 작업자    아래로 추락 숨져,Social
쓰러진 아내 두고 테니스 치러 간 남편 유기죄로 송치,Social
서울대병원 노조 파업 첫날 파업 장기화시 환자 불편 우려,Social
피 흘리는 아내 두고 테니스 치러 간 남편  엮이기 싫어 그냥 뒀다 ,Social
 술 담배 주세요  여고생 요구에   대   신던 스타킹 양말 달라 ,Social
최근  년간    활어차  만     대 중 방사능 검사율 고작    ,Social
 낙태해서 죽은 줄 알았다   장애아 살해 유기  가족  혐의  전면 부인 ,Social
 보궐선거  강서구청장 오전   시 투표율      직전 지선보다 낮아,Social
방심위 인터넷 언론 첫 심의는 뉴스타파 의견진술 결정,Social
한겨울 산에 개   마리 버린   대 집유,Social
 외모 불량하니 불합격 처리해  특성화고 교장 검찰 송치,Social
 개 전제조건   광주신세계 확장 여부 가른다,Social
    대선 허위 보도 의혹  김병욱 민주당 의원 보좌관 압수수색,Social
검찰   대선 허위보도  추가 포착     보좌관 온라인 매체 압수수색,Social
 스토킹 신고했다고  전 여친  살 아들 살해한   대  심서도   년,Social
 수의사 남친에 임신 사실 알렸더니  유부남이랍니다 ,Social
    대선 허위보도 의혹  민주당 김병욱 보좌관 압수수색,Social
 마른하늘에 물이 우수수  정부서울청사 천장 누수,Social
 신발 바퀴 보면 범인 찾아낸다  경찰 감정관 자격제도에 해경도 참여,Social
 표예림 가해자  인 얼굴 실명 폭로 촉법나이트  지옥 보내겠다 ,Social
  조폭   조폭 저격  유튜버 너클끼고 폭행  코뼈 부러뜨렸다,Social
검찰  민주당 의원 보좌관 사무실 압수수색,Social
피 흘리며 쓰러진 아내 두고 운동 간 남편  검찰 송치,Social
 음료들고 못 탄다 는 버스기사 말에 길바닥  내동댕이 ,Social
인천 고속도로    조  시장 열려 허종식 의원  지역업체 참여 높여야 ,Social
후쿠시마 인근  개현 일본활어차 올해만 한국서     여  해수 방류,Social
대구 영어유치원 교습비      만원  년 새   만원 ,Social
가평 잣향기 푸른숲 등 경기도  개 숲     대 명품숲  선정,Social
    통계조작 반대   정부 당시 통계청 실무자 참고인 조사,Social
한동훈  법무부 국감 출석  정의 상식의 법치 실현 노력      국감 ,Social
미군 유해를 향한 여인의 불가사의한 집념  본헌터  ,Social
질병청장  코로나 위기단계  경계   주의  하향 시점 연내 결정 ,Social
얘들아 어디 있니           년 출생아     명  소재 불명 ,Social
     미스코리아 진 최채원  글로벌 여성 리더 꿈꿔요 ,Social
 대선 허위보도  추가 의혹  김병욱 보좌관 기자 압수수색,Social
검찰     대장동 브로커 조우형 봐줬다  보도 관련 리포액트 김병욱 보좌관 압수수색,Social
아침바다 해무 노을 야경 목포해상케이블카 하루  번  비경 ,Social
배우 김민종  국정감사 증인 채택    팝 사업 특혜 의혹  관련,Social
청소년에게 술 담배 사주고 스타킹 달라는 못된 어른,Social
검찰  허재현 기자 김병욱 의원 보좌관 압수수색     또다른 녹취록  수사 확대,Social
주유소 직원이  휘발유  잘못 넣었는데 차주도  과실    여 저  ,Social
보훈부  광주시에  정율성 기념사업 중단 흉상 철거  권고,Social
백령도 해상서 중국어선  척 나포     침범해 꽃게 등 불법 어획,Social
지난  년간 자살률  코로나   사망자 웃돈다,Social
남양주 화도 수동 빨라진다   개 도로 건설 추진 중,Social
대학만 보고 질주하는 영재학교엔  조기입학 어린 영재 설 자리가 없다,Social
지난  년간  만명 목숨 끊어 코로나   사망자보다 많았다,Social
 장애 영아 살해  혐의 친부모 혐의 부인  낙태한 것 ,Social
철문 닫고 도주한 중국어선 해경  절단기 동원해 나포,Social
 일본 오염수 너희나 먹어라  국힘 고양시의원 행사 중 폭행당해,Social
검찰   대선개입 여론조작  의혹 김병욱 의원 보좌관 압수수색,Social
광주 수도요금 이중수납  대혼란  상수도본부    일까지 환불 종합 ,Social
검찰  민주당 김병욱 의원 보좌관 인터넷매체 기자 압수수색,Social
작년 신축 아파트   곳서 발암물질  라돈  권고치 이상 나와,Social
       장관도 찾은 알바생 찾았다  군인은 감사한 존재  자부심 가지세요 ,Social
여자화장실 비데에  몰카    엽기적 불법찰영  붙잡혀도    가  불구속 ,Social
헤어진 연인 보복 시도 말리던  세 아들 살해한   대 항소심 중형,Social
   월   일 수  오늘  서울시  전국 최초 어린이집 실내공기 환기지수 개발,Social
용인 장애아 살해 후 유기한 친부모 외조모 살인 혐의 부인,Social
 음료 들고 못타요  버스기사 할 말 했더니 길바닥에  퍽  내던진 남성,Social
부산에 국내 최대 반려동물 테마파크 들어선다,Social
출근길 옛 애인 밀고들어가 아들 살해   심도 징역   년,Social
제주들불축제      없이 열기로      년 이어온 새별오름 불 놓기 폐지,Social
 날 스토킹 신고해  전 애인 아들 살해한   대 항소심도 징역   년,Social
모텔 창밖으로 던져진 신생아 부검  간 파열에 복강 출혈,Social
    진천이월 임대주택 입주자 추가모집  소득 재산요건 배제 ,Social
 도박에 수천만원 잃고 앙심  이웃  명 살상한 중국인 무기징역 선고,Social
 잘 지내   헤어진 여친에 이런 문자    건   대 집착 의 최후,Social
 고령 장기리 암각화 만 쏙 뺀 유네스코 세계유산 등재 주민 등 반발,Social
불 안 놓는  제주 들불 축제   새 콘텐츠 개발 나서기로,Social
여고생 탄  킥보드  피하려다 전복된 트럭 학생은 그냥 갔다  아차  ,Social
 직원을 못 믿지  시장과  업무에 손 놓은  직원들,Social
경북대병원 노조 무기한 파업  필수인력 충원 대리처방 근절 ,Social
원희룡  남부내륙철도 적정성 재검토는 사업 자체 재검토 아냐 ,Social
 낙태해서 죽은 줄 알았다   장애아 살해 유기  부부 외조모  혐의부인 ,Social
합판에 담배 숨겨 담뱃값 가장 비싼 호주로 밀수출 시도,Social
돈 벌려고 분양받은 개   마리  영하   도에 산에 버려,Social
세종 종촌동서  가재마을 가족놀이터  화합의장,Social
 양평군  양평고속  사무처리 부적절  경기도에 주민감사 청구,Social
천안고용지청  장기 임금체불 천안지역 건설업자 송치,Social
 특집  윤석열 정권은 왜 뉴스타파를 죽이려 드는가    부  역린 을 건드리다,Social
 자막뉴스  여기를 들어가려면   세 고시  통과해야,Social
이스라엘서 급거 귀국한 국민들  돌아왔다  안도 종합 ,Social
술 담배 대신 사 준다면서 여고생에 스타킹 요구한   대,Social
남녀노소 인생 한방 청소년 도박 중독자  년새  배,Social
경북대병원 노조   일 파업 돌입  필수 인력 제외 ,Social
요즘 대학 근황   우리 애 공부해야   자녀 대신 전화하는 부모들,Social
모텔서 신생아 딸 내던져 살해한 혐의   대 친모 구속,Social
 냅다 팽개쳤다   버스기사 음료 제지하자 승객  만행 ,Social
떼로 몰려나와 빙글빙글 한글날도 설친 폭주족  눈살 ,Social
합판 뜯고 세관직원도 놀랐다 담배   만갑 밀수출,Social
 통장에서 두 번 빠져나갔네  광주 수도요금 이중 수납  대혼란 ,Social
검찰  허위보도 관여 의혹  김병욱 의원 보좌관 압수수색,Social
 대선 전 여론조작  수사 검찰  김병욱 민주당 의원 보좌관 압수수색,Social
하동 코스모스 메밀꽃 축제에 유료 입장객만  만 천명 다녀가,Social
전남교육청 무분별한 아동학대 신고에 교권보호 적극 대응,Social
부천 모텔서 출산한 딸 창밖에 던져 살해한   대 엄마 구속    도주 우려 ,Social
  호선도 기관사 없이     대구 도시철도  호선      년부터 무인 운전시스템 도입,Social
가평군  자라섬 가을 꽃 축제  일주일간 연장 운영,Social
 조직폭력배 저격  유튜버 폭행한 일당  안양지역 조폭으로 확인돼,Social
광주서    와 오토바이 충돌사고 오토바이 운전자 숨져,Social
서산 상가 폭발사고   대 위중 극단선택 시도 가능성도 수사,Social
검찰  허위 인터뷰 의혹   김병욱 보좌관 압수수색,Social
접근 금지 어기고 헤어진 연인    차례 찾아간   대 구속,Social
연휴에 서울 상경해 중학생 향해 흉기   대 구속 송치,Social
중국   도 한국의 이곳에 오면 지갑 확 여네 카드 결제       늘어,Social
  표예림 유서 속 유튜버  입장 공개  법적 공방에 위기감 느낀 듯 잘못 없다 ,Social
 조폭 저격  유튜버 폭행한 일당 정체 안양지역 신규 조직원으로 확인,Social
    보궐이사에  광주사태  이동욱 전 월간조선 기자,Social
피 흘리는 아내 두고 테니스 치러 간 남편  유기죄만 적용 왜 ,Social
서울대병원 노조  파업 돌입  응급실 중환자실은 유지 ,Social
군인에게  감사합니다  컵메모 카페 직원  자부심 가지시라 ,Social
     세 할머니   최고령 스카이다이버  등극  일 만에 영면,Social
 단독  복지부  의대 정원 연  천명 늘려도     와 격차 커 ,Social
울산시  전세보증금반환  보증료  최대   만 원 지원,Social
 소문 폭로한다  연예인 협박해 수억 뜯은 김용호 구속여부   일 결정,Social
결별한 여성 여덟살 난 아들 살해한   대   심서도 징역   년,Social
제주들불축제에서  불  사라진다   년만에 사실상 폐지,Social
 원사이드하게   줘  재해구호협회의 잇단  채용비리  의혹  희망브리지  ,Social
 왜 전화 안 받아   이혼 요구한 아내 집에 화염병 던진 남편 집유,Social
이별한 여친에  잘 있니  문자    회  직장    차례 찾아간   대,Social
 경기도 어른신들  인플루엔자 접종 무료로 받으세요 ,Social
급발진 의심 사고   년 간    건    페달 블랙박스 의무화 언제하나 ,Social
유튜브로 수억 수익  겸직 금지 위반 콘텐츠 신경 쓰느라 몰랐다 ,Social
법무부   한국형 제시카법  도입 본격화 이달 내 입법예고,Social
  보  검찰  대선 허위보도 의혹   김병욱 보좌관 압수수색,Social
스토킹 신고 여성  세 아들 살해한   대 항소심도 징역   년,Social
대웅제약   임팩타민 시그니처  출시  뇌까지 피로케어 ,Social
서울교통공사  무단결근 노조간부 직위해제  노조 전수조사,Social
경북대병원 노조  무기한 전면파업 돌입 노사협상  결렬 ,Social
 임영웅 표 양도  민증까지 보여주더니  천만원  꿀꺽 ,Social
우리나라 사람이 베트남에서 범죄를 저지른다면 ,Social
상반기 바이오 벤처투자 여전히 냉기 전년대비 반토막,Social
 통장에서 두 번 빠져나갔네  광주 수도요금 이중수납  대혼란 ,Social
시가    억원 상당 담배 밀수범  지명수배 중 부산서 또다시 범행,Social
인천 송도 연세대 국제캠퍼스에 양자컴퓨팅 클러스터 구축 추진,Social
구금 중에도 음란물 못 끊는 성범죄자들     밀반입,Social
경기도  옛 경기도청사서 수원시 전세피해자 대상 현장 설명회,Social
 르포   지방균형발전 계기로   막바지 총력전  부산은 기대로 들썩                      ,Social
폐기물 공장에서 지게차 다리에 치여     대 여성 숨져,Social
박형준 부산시장      회원국 지지 상당수 확보 반드시 된다                      ,Social
 저 여고생인데  술 담배 사 주세요   그럼 너 스타킹 줘 ,Social
 아빠가 중요부위 만졌어요    세 딸의 수상한 진술,Social
 성희롱 발언 사과  요구에  교도관 폭행  교도관 벌금    만원,Social
모텔서 딸 낳고 창밖 던진 비정한    질문세례에 침묵만 구속 기로,Social
이스라엘 귀국자들  현지인들  집에서도 안 나와 적막   남은 교포 걱정 ,Social
술 마시다가 잠든 주점 여종업원 추행 위협한   대 구속,Social
담양서 실종된   대 퇴직 공무원  일 만에 심정지 상태로 발견,Social
하이패스 오류로  통행료 이중부과  늘어   환불 안 되기도,Social
    대선 허위보도 관여  민주당 김병욱 의원 보좌관 압수수색,Social
경기도  수원 전세사기 의혹  피해자 대상 지원책 설명회 연다,Social
 수원 전세사기 의혹  피해 신고    건 하루 새   건 늘어,Social
치료감호 중에 음란물 돌려본 성범죄자들  관리감독 부실 ,Social
안성 물류센터 신축 현장서   대 작업자    아래로 추락사,Social
검찰   대선 허위보도 의혹  민주당으로 수사 확대   김병욱 의원 보좌관 이재명 캠프 관계자 압수수색,Social
 속보  검찰   대선 허위보도 관여 의혹  김병욱 의원 보좌관 압수수색,Social
수입금지 후쿠시마 인근  개현 등록 일본활어차 작년    회 반입,Social
 친일파 들   오염수 다  먹어라    시의원  괴한에 폭행당해,Social
모텔서 낳은 아기 창밖으로 던진   대  모습 드러내,Social
 당신을 기억합니다     총리부터 배우 가수까지 무한대로 퍼지는  기억해챌린지,Social
 죽을 줄 몰랐다  모텔서 낳은 딸  층 창밖으로 던진 엄마  법원 출석,Social
 데이트폭력 당하면  흐느껴야  한다    피해자다움   뭐길래 ,Social
담양서 실종 퇴직공무원  심정지 상태로 발견 종합 ,Social
 우린 잘못 없다   표예림 법적공방 유튜버의 변,Social
    대선 허위보도 관여    김병욱 의원 보좌관 압수수색,Social
담뱃값  배 비싼 호주로   만갑 밀수출 시도 합판 속에 숨겨,Social
안성 물류센터 신축 현장서    건설 협력업체   대 노동자 추락사,Social
이병도 그림자 드리운  전라도 천년사    시민사회  당장 폐기되어야 ,Social
경기도  개 숲  대한민국    대 명품숲  선정,Social
 나라 지켜줘 감사  군인 감동시킨 직원  장관도 찾아 나서,Social
 진주에 스타들이 뜬다  코리아드라마페스티벌   일 개막,Social
 출근 전 왔어요  직장인들로 붐빈 강서구청장 투표소,Social
 조금이라도 효도 할 수 있게   여자   명 죽이겠다  협박 글 쓴   대 선처 호소,Social
마트 화재로 고시원 주민   명 새벽 대피 소동,Social
 나랏돈은 눈먼 돈   경남서 국고보조금 부정수급 성행,Social
모텔 공유기에 몰카  셀카봉으로 옆방 촬영까지 불법 촬영은 여전히 증가세,Social
만취 귀가 꾸짖은 어머니 살해한 대학생 아들    오늘 첫 재판,Social
   분 뉴스정복  한동훈 고집에 론스타 배상금     억까지 갈 수도,Social
박용호 전 마산지청장        국토 대종주  화제,Social
검찰   대선 허위보도 의혹  김병욱 의원 보좌관 기자 압수수색,Social
 속보  검찰  대선 허위보도 의혹  김병욱 의원 보좌관 압수수색,Social
 항공기 납치될까 걱정했다  국민    명 인천땅 밟는 순간,Social
 신던 스타킹 주면 담배 사줄게  여고생에 접근한 검은 그림자,Social
불법의료  간호사 대리처방  경북대병원   무기한 전면파업,Social
제주 유치원 지하서 화재 교사 원아   여명 대피,Social
느낌 쎄한데     베테랑 형사  직감으로 투신 막았다,Social
청송 주왕산서   대 남성 추락사 실족사 추정,Social
         년생  임시번호 아동   천   명 소재 불명,Social
자택 화장실서 대마 기른   대 여성  억 상당 마약까지 운반,Social
대선 앞두고  이재명 조폭연루설  주장  박철민에 징역  년 구형,Social
딸 쇼핑백에 담아 창밖 던진 엄마 묵묵부답,Social
 버스에 음료 들고 못 타요  거부당하자 길바닥 내동댕이,Social
 무사히 돌아왔구나  이스라엘 단기체류 국민    명 귀국,Social
현대건설 공사현장서   대 근로자 추락해 숨져,Social
방통위      보궐이사에 이동욱 전 월간조선 기자 추천,Social
 난 잘못없다  표예림이 지목한  스토킹 유튜버  입장 표명,Social
피 흘리는 아내 두고 테니스 치러 간 남편 유기죄만 적용,Social
올해 서울  아리수  일평균    만톤 생산 최대    만톤까지,Social
마약 청정국 옛말    외국인 마약 범죄   년 동안    배 ,Social
아내 몰래 코인으로  억 빚진 남편  이혼 요구하자  절반은 네가 갚아 ,Social
 과학 유튜버  궤도는  겸직 금지  위반 기욤은  사기 의혹   이슈  ,Social
 연예인이 마약한다  신고하더니 순찰차  대 부수고 도망간   대 왜 ,Social
단골손님 치마 속 엿본 마트업주  불법 촬영  들키자 휴대폰 부쉈다,Social
하태경 마포을 출마설 여당  정청래 안민석에 자객 공천을 ,Social
성매매 단속하며 인권침해 했던 경찰  성매매 단속 지침  만든다  플랫 ,Social
모텔서 갓 낳은 딸 쇼핑백 담아 창밖 던진 엄마  죽을 줄 몰랐다 ,Social
조규홍 장관  약자 복지에 최선 국민연금 언급       국감 ,Social
모텔서 갓 낳은 딸 쇼핑백에 담아 창밖 던진 엄마 법원 출석  묵묵부답 ,Social
  낙승이냐    역전이냐 오늘 밤 희비 갈린다,Social
 길바닥에 내동댕이  음료 들고 버스 탑승 거부당한    행패 ,Social
영어유치원 학비 월    만원 전국  만명 다닌다,Social
완연한 가을  일교차 커  감기 조심하세요 ,Social
  세 고시  합격 위해 영어유치원에 월평균    만원,Social
 인천서 여성   명 살해  협박글 올린   대  효도할 수 있게 선처 부탁 ,Social
인천  고속도로   조 시장 열린다,Social
 단독  가짜 의사 가 대리 건강검진 부당 청구된 검진비만  년간    억원,Social
이스라엘에서 돌아온 우리 국민    명 안도의 한숨,Social
법원행정처장에게 정진석 실형 선고한 박병곤 판사의 특정 정치성향     활동 물으니          국감 ,Social
세종 영어유치원 교습비 월    만원 전국 최고 전국 평균은    만원,Social
 올해 국가유산 재난피해 절반은 예산 문제로 복구 못 해 ,Social
경북대병원 노조  년 만에 무기한 파업 돌입,Social
안성 신축공사 현장서 작업자  명    추락해 숨져,Social
과학 유튜버  궤도   공공기관 겸직 금지 위반  규정 잘 몰랐다 ,Social
 보궐선거  강서구청장 오전   시 투표율      직전 지선보다 낮아,Social
한국   년간 몰카만  만 천여건 비데에 달고 셀카봉으로 촬영,Social
모텔서 아이낳고 창밖으로 던진 엄마  법원 출석 묵묵부답,Social
   대 치매 노인 실종  경보 문자 그냥 지나치지 않은 택시기사,Social
 나라 지켜줘서 감사    말년 병장 감동시킨  카페 알바생  찾았다,Social
 나라 지켜줘서 감사    말년 병장 감동시킨  카페 알바생  찾았다,Social
 외모 불량해 불합격  특성화고 교장이 입시 조작  검찰 송치,Social
  표예림 유서 속 유튜버  난 잘못 없다 ,Social
  억 쓰고   억 벌었다   전남 고향사랑기부제  성과 ,Social
지하차도 입구서    와 충돌한 오토바이 운전자 숨져,Social
  번째 미스코리아   최채원  할리우드 합류한   살 미술 유학생,Social
부산 기장에 국내 최대규모 반려동물 테마파크 조성,Social
 나라 지켜줘 감사  장관도 감동 알바생 찾았다  제가 조명받아 죄송 ,Social
 조폭 저격  유튜버 결국 조폭에 보복 당했다,Social
  만   용인 반도체 협력 산단  본궤도,Social
구급차서 여성 성추행 불법 촬영 혐의 소방관 불구속 송치,Social
지난  년간 자살사망자  만  천여 명 코로나   사망자보다 많아,Social
군인 감동시킨 알바생 찾았다  조명받는 게 죄송 ,Social
안성 물류센터 현장서 작업하던   대 추락사,Social
이원택 의원  새만금 내부개발 예산     삭감  정부 정치 보복 ,Social
피크닉의 계절   인 배달용기 연간     개  재활용은 절반도 안돼  김예윤의 위기의 푸른 점 ,Social
공설 자연장지 봉안시설 전무    남양주엔  묻힐 곳 이 없다,Social
건보 지역가입자 보험료 재산비중         소득없는 은퇴자 어쩌나 ,Social
모텔서 낳은 딸을 쇼핑백 담아 창밖 던진 엄마 법원 출석,Social
이동관  공영방송 민영화  못 건드릴 금자탑 아냐     놀면서 연봉  억 원  국민 납득하겠나   미디어 브리핑 ,Social
보령서 신호등 없는 횡단보도 건너던   대 여성 차에 치여 숨져,Social
담양군에서 퇴직공무원 실종 신고 접수   경찰 수색,Social
전국 신생아 집중치료실 전공의  년새 반토막   곳은  명,Social
비만학회 부회장  탕후루 단맛  뇌가 좋아할 수밖에 ,Social
 오염수 너희가 다  먹어라  국힘 여성 시의원  시민에 폭행당해,Social
단골손님 치마 속 불법촬영 마트 주인 들키자 휴대폰 파손,Social
안성 물류센터 공사장서   대 작업자 추락사,Social
위니아 법정관리 신청 광주 전남    여 협력사 줄도산 위기,Social
청주 모 초교 학부모들 등굣길 피켓시위,Social
 결혼  년만에 남편 빚  억 이혼하자니  빚 분할  하잡니다 ,Social
연예인 상대로 수억원 뜯어낸 김용호    일 구속 심사,Social
접근금지에도  연인에    회 문자 보내고 찾아간   대 구속,Social
청주시의회 정책지원관  성범죄 연루 직위해제,Social
경기도  전세사기 현장 설명회   일   일 연다,Social
 오염수 너희가 먹어라  국힘 고양시의원  괴한에 폭행 당했다,Social
벌금내고 두달 후 식당서 또  강제추행    대  이번엔 철창행,Social
전남도   군 공항 이전  무안 함평에  양 갈래 당근책 ,Social
 외모 불량하니 불합격시켜라    특성화고 교장  검찰 송치,Social
 학폭 고발  표예림 숨진 채 발견 스토킹 의혹 유튜버  난 잘못 없다 ,Social
학폭 피해 표예림씨  생전 영상서 피해 호소 가해 지목 유튜버  진실 아닐 수 있어  반박,Social
 사람 치었다  손수레 끌던   대 사망케 한 운전자     에 직접 신고,Social
  월 멧돼지 출몰 가장 많아    천천히 뒷걸음질로 숨어야 ,Social
표예림  스토킹 유튜버  실물 폭로  끝까지 추적해 지옥 보낸다 ,Social
대치 투에스에듀   김재하 수학몰입 윈터스쿨  개최,Social
 지난  년간  만명 스스로 목숨끊었다 코로나   사망보다 많아 ,Social
인천 공장서   대 노동자 지게차 치여 사망,Social
내년  인천대로 지하화  시작 인천 고속도 건설   조 시장 열린다,Social
폐기물 공장서   대 근로자 지게차에 치여 숨져,Social
대구경북 신공항 효율적 물류시스템 방안은 잇단 세미나,Social
 단독 박범계  출장 동행 지인에  법무부      만원 용역도 줬다,Social
 최고의 복지는 밥  부천시청 구내식당   년만에 직영 전환,Social
약물치료 안 받은 조현병 환자  년간     명,Social
폭식하고 토하고 굶고  섭식장애  환자   명 중  명  여성 ,Social
술 담배 대신 사준다면서 여고생 신던 스타킹 양말 요구,Social
학령인구 감소에도 영어유치원 호황  년간    배 증가     국감 ,Social
 대한민국    대 명품숲 에 경기도  개 숲 선정,Social
 약점 폭로하겠다  수억 뜯어낸 김용호  영장 실질심사   일로 연기,Social
유남석 퇴임 한 달 앞으로 헌재소장 후임 인선도 난항,Social
 단독  고 이영승 교사  제 의 학부모가 사망 이틀 전부터 압박,Social
미스코리아  진    세 최채원   보스턴대 재학 중인 재원,Social
 인천서 여성   명 살해하겠다  협박글 올린   대    징역  년 구형,Social
수도권제 순환고속도로서 전도된     화물차   대 운전자 사망,Social
     만원 장학금 준다는데도 의대생 지원 미달  이 것 ,Social
 조폭 저격  유튜버 폭행한 일당  안양지역 조폭으로 확인돼,Social
한물간 댄서 배우 밤무대 가수 만년 고시생의  하루 한 끼 ,Social
손수레 끌던   대 참변  사람 치었다  만취운전   대  직접 신고,Social
안성 일죽면 물류센터 신축현장서   대 추락    끝내 숨져,Social
현재 중 부터 선택과목 없애고 내신  등급     학년도 대입 개편안,Social
한달에    만원은 드는데   세 고시  치르며 교습비 치솟는 영유,Social
 여기가 네 땅이냐    일째 편의점 앞 보복 주차 경찰도  방법 없다 ,Social
 내 아이 맞아   돌변한 수의사 남친  사실 나 유부남 ,Social
버스타려다  음료 안돼요  길바닥에  퍽  내동댕이,Social
 네트워크 특별대담  홍기현 경기남부경찰청장  민 관 경 협력으로 안정된 치안 확립 ,Social
 보행자 보이지 않아    대 운전자 차에   대 치어 숨졌다,Social
대법  부마항쟁보상법 따라 보상받아도 위자료 따로 청구 가능 ,Social
이스라엘 단기체류    명 귀국    무사 귀국 다행 ,Social
도마 속에 수천억원치 필로폰 숨겨 밀반입한  개국 조직 검거,Social
 핫클릭   현실판 더글로리  학폭 고발 표예림 씨 숨진 채 발견  ,Social
선택과목 없애고 내신은  등급으로 사교육 조장 우려,Social
 어떻게 생각하세요 기아 노조  가족 고용세습  유지  공정성 논란,Social
난임 시술  년새       아이 낳으려는 부부에 지원 늘려야 ,Social
 순두부 커피 감자 커피  마시러 강릉 커피축제 가볼까 ,Social
정유정 반성문   번 제출했지만 재판부  반성인지 아닌지 헷갈려 ,Social
 조선업 유학생 비자  상반기  천명 목표였는데 발급은   건,Social
 무사히 돌아와 줘서 고마워    이스라엘 체류 국민    명 귀국,Social
겸직 금지 어기고 수억 번 유튜버 궤도  규정 잘 몰랐다 ,Social
 위니아 브랜드 믿고   억어치 물품 납품했는데 부도라니  ,Social
모텔 환풍구 속 수상한 카메라 영상    만 개 나왔다,Social
 삼성폰 점착제 제조법 유출  협력사 직원에   억 배상  판결,Social
 여자   명 죽이겠다  협박 글 쓴   대  아버지에게 효도하게 선처 부탁 ,Social
부산 기장에 국내 최대 반려동물 테마파크 생긴다      만 천  규모,Social
      미스코리아 진  최채원은 누구        플랫폼 미술감독이 꿈 ,Social
 자막뉴스   유명 연예인 마약 투약 목격  경찰에 다급한 신고 뒤   ,Social
 사반 제보  옥상에서 물 뿌리고 욕하는 여성   몇 년 동안 지속돼 ,Social
인생샷 찍으려다 주왕산서   대 추락사,Social
오토바이 지나자마자 펑 서산 상가 가스폭발로  명 중경상,Social
 사반 제보   여기가 너네 땅이냐  편의점 입구 막은 차량  무슨 일 ,Social
인천 폐기물 업체서   대 여성 지게차에 치여 숨져,Social
과학 유튜버 궤도   공무원 겸직금지  규정 어겨 징계 받는다,Social
김천 돈사서 불 돼지   마리 폐사,Social
 전화 안 받아    이혼  요구 아내 집에 화염병 던진 남편  집유 ,Social
 여성만   명 살해  협박글   대  효도할 수 있게 선처 부탁 ,Social
 춤추는 갈대밭 따라 피어나는 꽃   강진만 갈대축제   일 개막,Social
  월 열흘간 수출 줄고 수입 늘어 무역적자   억 달러,Social
 공교육 파행  사교육비 증가      혹평  나온      대입 시안,Social
제주항공  부산 보홀 노선   일 취항 필리핀 노선  개로,Social
차선변경 시비에 흉기 위협    잡고보니 술 마신 수배자,Social
고속도로 커브길서 넘어진   톤 화물차   대 운전자 사망,Social
 뉴스라이더   심신미약  검색했던 최원종  정신감정 신청   유족  엄중 처벌해야 ,Social
안성 물류센터 신축 현장서   대 작업자 추락해 숨져,Social
초진인데 사후피임약 비대면 처방 다이어트 한약 해외배송까지,Social
부산 기장군 국내최대 반려동물 테마파크 본궤도,Social
 말년병장 감동   알바생 찾았다  군인은 감사한 존재  자부심 가지세요 ,Social
질병청   오염수 전국민 장기추적 필요보고서 숨긴 것 아냐 ,Social
  보안업체    해킹조직  구조조정  협업 강화로 공격 다양화 ,Social
부산시  국내 최대규모  반려동물 테마파크  주민협상 전격 타결,Social
손수레 끌던   대 여성  음주운전 승용차에 치여 숨져,Social
 학폭 고발  표예림씨 숨진 채 발견 스토킹 의혹 유튜버  난 잘못 없다 ,Social
       딸 태우고 음주운전하려던 아빠 출동 경찰관까지 폭행,Social
강서구청장  시 투표율      지방선거보다       ,Social
서산태안시민행동  일본 핵 오염수 방류  홍범도 이순신 장군 본다면    ,Social
담양서 퇴직 간부공무원 실종 경찰 수색 중,Social
현대로템  우크라전 피난민 철도 운송 기여 우크라 정부 사의,Social
 갈수록 비싸진다  영어유치원     만원인데  만 명 다닌다,Social
영남이공대   경영회계계열   학번 김무영 씨  세무사 시험 합격,Social
 뉴스       이스라엘에 발 묶였던 우리 국민    명 무사히 귀국,Social
올해 미스코리아  진  누구  유학파 디자인 전공,Social
비 김태희 집 수차례 초인종 누른 스토킹   내달 첫 재판,Social
 이게 몰카였어   비데에 달고  공유기로 위장하고,Social
성동구 대형 슈퍼마켓서 화재 발생 같은 건물   명 대피,Social
한라산에도  첫 단풍  들었네 전국 청명한 가을,Social
서울대 경북대병원 노조  오늘부터 파업 돌입  의료 공공성 강화 등 요구,Social
현재 중 부터 선택과목 없애고 내신  등급     학년도 대입 개편안,Social
부산에   만  국내 최대 규모 반려동물 테마파크 조성 계획,Social
 나라 지켜줘서 감사  군인 울린  빽다방 알바생 은   대 여성,Social
 보궐선거  강서구청장 오전  시 투표율      직전 지선보다 낮아,Social
레벨테스트   세 고시 라 불린다 유아 평균 영어 학원비 얼마,Social
김태희 비 부부 집 찾아가  초인종 누르고 스토킹한   대     개월 만에 첫 재판,Social
 아파트 입주자 회장 되고 싶다 며 아파트선관위원장에 금품 준 후보,Social
  대 마트 업주가 단골 치마 속 도촬    발각되자 휴대폰 내리쳐,Social
  표예림 유서 속 유튜버  입장 공개  법적 공방에 위기감 느낀 듯 ,Social
파주시  초롱꽃마을 출판단지 잇는 심학산로 임시 개통,Social
 영상   흉기난동  최원종 정신감정 신청   형량 줄이려는 꼼수 ,Social
오늘부터 고령층 대상 독감 무료 예방접종 시작   세 이상 먼저,Social
 데블스 플랜  궤도  공공기관 다니며 영리 활동했다,Social
서울의   월 가을 밤 밝히는 빛 축제 열려,Social
  정부   가루쌀  보급 무리하게 추진 성과는 미궁 속,Social
 현실판 더 글로리  표예림 숨진 채 발견 고인이 지목한 유튜버  난 잘못 없어 ,Social
 전세보증금 떼일 걱정 마세요   울산시   보증료  지원,Social
   가 상속 분쟁  세 모녀 측 변호인  첫 변론 직후 사임,Social
서울대병원 무기한 파업 돌입  환자 불편 불가피 ,Social
추석 연휴 심야시간 틈타 강북 일대 빈 상가   여 곳 턴   대,Social
새벽 음주운전하다 행인 치어 숨지게 한   대 조사,Social
버스 타려다  음료 안 돼요  저지당하자  퍽  길바닥에 냅다 던진 남성,Social
전세계인에 감동주고     세 스카이다이버  할머니  하늘로 떠났다,Social
   구급대로 이송된 소아환자    명  병원서 문전박대  당했다,Social
새벽 서울 성동구 건물  층 슈퍼에 불   명 대피 소동,Social
이스라엘 단기체류 국민    명 귀국  무사히 돌아와 다행 ,Social
송도국제도시 공원 내  맨발 길  인기,Social
영어 유치원비      만원 졸업 후엔  레벨테스트  경쟁도 치열,Social
같이 사는 친언니가 간섭하고 잔소리 반복하니 힘들다 마음상담소 ,Social
서울대       대입안에  큰 변화나 본고사 부활 없어 ,Social
유튜버 카라큘라  반드시 책임 묻겠다  표예림 죽음에 가해자 응징 예고,Social
 내일날씨  대체로 맑은 가을날 낮 최고      도,Social
 여자만   명 살해  협박글 올린   대  효도 할 수 있게 선처 부탁 ,Social
이스라엘 단기 체류 한국인    명  인천공항 무사 귀국,Social
브릿지바이오  특발성 폐섬유증약    상 지속  권고받아 ,Social
낮 기온      도 맑고 일교차 큰 가을 날씨,Social
 흠집 난 과일 따로 상품화해 판매  수익 전액 아이들 위해 씁니다  나눔 실천하는 초록빛 능력자들 ,Social
연예인 약점 잡고  돈 내놔  김용호    일 구속심사,Social
부마민주항쟁 보상 받아도 정신피해 배상 인정,Social
성지순례 갔다가 봉변 이스라엘 체류 국민    명 귀국,Social
 이재명에   억 줬다  주장한 폭력배 박철민 최후 진술은 ,Social
이스라엘 체류 한국인    명 귀국  현지 상황 들어보니,Social
마음씨도 애국심도  최고  군인 감동 시킨  빽다방 알바생  찾았다,Social
서울대병원 노조  오늘부터 무기한 파업 인력 확충 임금 인상 요구,Social
 연예인이 마약했다  신고   경찰 출동하자      줄행랑  띵동 이슈배달 ,Social
 초심 잃지 않았으면 동네 발전 시켜달라  투표 마친 주민들의 바람 종합 ,Social
검찰   이재명에 현금 전달  주장 박철민에 징역  년 구형,Social
 현실판 더 글로리  표예림씨 사망 카라큘라  가해자 책임 끝까지 묻겠다 ,Social
몰카 비데에 달고 셀카봉으로 모텔 옆방 찍었다 또 늘어난  나쁜 놈 ,Social
 외모 불량하니 떨어트려라    유명 특성화고 입시조작 덜미,Social
한 명이 유인한 사이 슬쩍    여성 근무 편의점 턴 중학생들,Social
  오염수 다  먹어라    여성 시의원  행사 중 폭행당해,Social
법정서     만원 전달 재연한 유동규 정진상 측    월에 양모 코트  ,Social
      국감 국회 교육위 국감 시작  김건희 논문  이동관 정순신 자녀 학폭 쟁점,Social
미   세 여성 스카이다이버  최고령 신기록  일 만에 사망,Social
   유권자 홍준표 이철우에 긍정적  일 잘한다               ,Social
 인터넷 와글와글  키아누 리브스   살 소년 요청에 캐치볼 게임 추억 선사,Social
 가족들 안도의 포옹  이스라엘 단기체류 국민 일부 무사귀국,Social
아내 딸 보이자 와락 이스라엘 단기체류 국민    명 귀국,Social
표예림 유서 영상  스토킹 유튜버  도 넘었다  지목 유튜버  우리 잘못 없다 ,Social
통합형       대입개편안   전문가  명확한 평가 가이드라인 필요 ,Social
오늘 법무부 국정감사 이재명 대표 수사 두고 여야 공방,Social
 속보  이스라엘 성지순례 우리 국민    명 무사 귀국,Social
홀덤펍에서 술 안팔아도 청소년은  출입금지 ,Social
올해 경북서  진드기병 으로  명 사망 야외활동 조심,Social
 필수 의료 인력 충원하라    경북대병원 노조   년 만에 총파업,Social
 음료를 바닥에 내동댕이  음료 들고 버스 타려던 승객  무슨 일 ,Social
영어 유치원비  서울보다 비싼 지역  곳 어디 ,Social
 외제차 팔아 투자금 내놔  감금 폭행한   대 징역  년,Social
 강제 추행  처벌받고도 정신 못 차린   대  알몸으로 동년배 식당 주인 건들다 징역,Social
 이별 통보에 분노  본인 집에 불지른   대 검거,Social
 인터넷 와글와글  박서준  더 마블스    월  일 개봉  얀 왕자 의 존재감,Social
이 팔 무력충돌로 발 묶였던 국민    명 이스라엘서 무사 귀국  뉴시스    ,Social
대법  포괄임금제여도 수당 뺀 기본급이 최저임금보다 높아야 ,Social
이동재 전 기자  정준희 교수 등  명예훼손  고소,Social
 이재명에   억원 줬다  주장한 조폭  최후진술 들어보니,Social
재혼 실패하는 이유  돌싱   기대감 너무 높아    는 ,Social
 고등 교사가 학생 폭행   분리조치  없어,Social
코인 투자로 빚더미 앉은 남편  이혼 요구에  빚도 분할 대상 ,Social
 친일파들 오염수 다  먹어라  국민의힘 고양시의원  괴한에 폭행당해,Social
오늘 법무부 국정감사  이재명 영장  최대 현안,Social
  대의 어긋난 로맨스  접근금지 무시하고 또 다시 스토킹,Social
 영상   길에 탱크  공항은 마비  이스라엘 탈출    여명 무사 귀국,Social
영어유치원비 월    만원  교육 불평등 심각 ,Social
 누에 치는 왕비의 재림  서초구  년만에 잠원나루축제,Social
비데에 카메라 달고 셀카봉으로 옆방 찍고 불법 촬영 증가세,Social
광주 수완 지하차도 입구서     들이받은 오토바이 운전자 숨져,Social
 조리돌림 당했다  표예림 유서에 지목된 유튜버   내가 피해자 ,Social
반말에 폭언까지 배달노동자 절반  고객 업주로부터 갑질 당해,Social
중증정신질환자 느는데 센터 정신건강전문요원 비중 되레  감소  병원 밖 정신질환자 ,Social
 희망이 현실로    회 강제입원  중증 정신질환자의 자립 성공기 병원 밖 정신질환자 ,Social
이스라엘 여행한 유튜버  현재 다른 나라  난 안전해 ,Social
인천 고잔동 폐기물공장   대 노동자 지게차 치여 숨져,Social
 비행기 언제 뜰까 생각만  귀국 국민들 전한 이스라엘 상황,Social
음주운전 신고 포상제 시행 한 달째  현장은 ,Social
 주식 코인 실패한 남편  이혼하면  억 빚 분할하겠답니다 ,Social
 보궐선거  강서구청장 오전  시 투표율      직전 지선보다       ,Social
 무사 귀국 실감  이스라엘서 우리 국민    명 입국,Social
정유정 반성문   번 제출했지만 재판부  반성 맞나 헷갈릴 정도 ,Social
 나체로 뒤에서 끌어안아   식당 주인 추행 혐의   대 징역형 선고,Social
      국감 오늘 법무부 국감  한동훈 책임론  공방  예고,Social
장출혈인데  치루 수술  받고 사망 유족   오진  의사 이례적 구속에도 분통,Social
이스라엘 단기 체류 한국인    명 무사 귀국,Social
   오염수 너희가 다 먹어라  친일파  들아   국민의힘 고양시의원 폭행당해,Social
  시  땡  하자 투표소로 발걸음   시부턴 대기줄  투표열기 후끈,Social
  대 외국인  모텔 객실  곳에  몰카      명 당했다 ,Social
이스라엘 체류 한국인    명 귀국 가족들과  감격의 포옹 ,Social
인천 공장서   대 노동자 지게차 치여 사망,Social
